file,line,type,commit,author,date,time,timezone,datetime,depth,length
style.css,1,css,fef0fd81,JianyunYe,2025-01-11,22:35:07,-08:00,2025-01-11T22:35:07-08:00,0,5
style.css,2,css,fef0fd81,JianyunYe,2025-01-11,22:35:07,-08:00,2025-01-11T22:35:07-08:00,0,44
style.css,3,css,fef0fd81,JianyunYe,2025-01-11,22:35:07,-08:00,2025-01-11T22:35:07-08:00,0,43
style.css,4,css,fef0fd81,JianyunYe,2025-01-11,22:35:07,-08:00,2025-01-11T22:35:07-08:00,0,1
style.css,5,css,fef0fd81,JianyunYe,2025-01-11,22:35:07,-08:00,2025-01-11T22:35:07-08:00,0,24
style.css,6,css,0edffb9e,JianyunYe,2025-01-18,22:15:52,-08:00,2025-01-18T22:15:52-08:00,0,16
style.css,7,css,0edffb9e,JianyunYe,2025-01-18,22:15:52,-08:00,2025-01-18T22:15:52-08:00,0,19
style.css,8,css,0edffb9e,JianyunYe,2025-01-18,22:15:52,-08:00,2025-01-18T22:15:52-08:00,0,19
style.css,9,css,0edffb9e,JianyunYe,2025-01-18,22:15:52,-08:00,2025-01-18T22:15:52-08:00,0,0
style.css,10,css,0edffb9e,JianyunYe,2025-01-18,22:15:52,-08:00,2025-01-18T22:15:52-08:00,0,0
style.css,11,css,0edffb9e,JianyunYe,2025-01-18,22:15:52,-08:00,2025-01-18T22:15:52-08:00,0,4
style.css,12,css,0edffb9e,JianyunYe,2025-01-18,22:15:52,-08:00,2025-01-18T22:15:52-08:00,0,13
style.css,13,css,0edffb9e,JianyunYe,2025-01-18,22:15:52,-08:00,2025-01-18T22:15:52-08:00,0,29
style.css,14,css,0edffb9e,JianyunYe,2025-01-18,22:15:52,-08:00,2025-01-18T22:15:52-08:00,0,18
style.css,15,css,0edffb9e,JianyunYe,2025-01-18,22:15:52,-08:00,2025-01-18T22:15:52-08:00,0,42
style.css,16,css,0edffb9e,JianyunYe,2025-01-18,22:15:52,-08:00,2025-01-18T22:15:52-08:00,0,0
style.css,17,css,0edffb9e,JianyunYe,2025-01-18,22:15:52,-08:00,2025-01-18T22:15:52-08:00,0,0
style.css,18,css,0edffb9e,JianyunYe,2025-01-18,22:15:52,-08:00,2025-01-18T22:15:52-08:00,0,6
style.css,19,css,0edffb9e,JianyunYe,2025-01-18,22:15:52,-08:00,2025-01-18T22:15:52-08:00,0,7
style.css,20,css,0edffb9e,JianyunYe,2025-01-18,22:15:52,-08:00,2025-01-18T22:15:52-08:00,0,18
style.css,21,css,0edffb9e,JianyunYe,2025-01-18,22:15:52,-08:00,2025-01-18T22:15:52-08:00,0,21
style.css,22,css,0edffb9e,JianyunYe,2025-01-18,22:15:52,-08:00,2025-01-18T22:15:52-08:00,0,14
style.css,23,css,0edffb9e,JianyunYe,2025-01-18,22:15:52,-08:00,2025-01-18T22:15:52-08:00,0,14
style.css,24,css,0edffb9e,JianyunYe,2025-01-18,22:15:52,-08:00,2025-01-18T22:15:52-08:00,0,0
style.css,25,css,0edffb9e,JianyunYe,2025-01-18,22:15:52,-08:00,2025-01-18T22:15:52-08:00,0,0
style.css,26,css,0edffb9e,JianyunYe,2025-01-18,22:15:52,-08:00,2025-01-18T22:15:52-08:00,0,14
style.css,27,css,0edffb9e,JianyunYe,2025-01-18,22:15:52,-08:00,2025-01-18T22:15:52-08:00,0,44
style.css,28,css,0edffb9e,JianyunYe,2025-01-18,22:15:52,-08:00,2025-01-18T22:15:52-08:00,0,21
style.css,29,css,0edffb9e,JianyunYe,2025-01-18,22:15:52,-08:00,2025-01-18T22:15:52-08:00,0,17
style.css,30,css,0edffb9e,JianyunYe,2025-01-18,22:15:52,-08:00,2025-01-18T22:15:52-08:00,0,0
style.css,31,css,0edffb9e,JianyunYe,2025-01-18,22:15:52,-08:00,2025-01-18T22:15:52-08:00,0,0
style.css,32,css,0edffb9e,JianyunYe,2025-01-18,22:15:52,-08:00,2025-01-18T22:15:52-08:00,0,6
style.css,33,css,0edffb9e,JianyunYe,2025-01-18,22:15:52,-08:00,2025-01-18T22:15:52-08:00,0,32
style.css,34,css,0edffb9e,JianyunYe,2025-01-18,22:15:52,-08:00,2025-01-18T22:15:52-08:00,0,33
style.css,35,css,0edffb9e,JianyunYe,2025-01-18,22:15:52,-08:00,2025-01-18T22:15:52-08:00,0,0
style.css,36,css,0edffb9e,JianyunYe,2025-01-18,22:15:52,-08:00,2025-01-18T22:15:52-08:00,0,0
style.css,37,css,0edffb9e,JianyunYe,2025-01-18,22:15:52,-08:00,2025-01-18T22:15:52-08:00,0,12
style.css,38,css,0edffb9e,JianyunYe,2025-01-18,22:15:52,-08:00,2025-01-18T22:15:52-08:00,0,46
style.css,39,css,5057a2fd,JianyunYe,2025-01-25,22:39:11,-08:00,2025-01-25T22:39:11-08:00,0,70
style.css,40,css,0edffb9e,JianyunYe,2025-01-18,22:15:52,-08:00,2025-01-18T22:15:52-08:00,0,52
style.css,41,css,0edffb9e,JianyunYe,2025-01-18,22:15:52,-08:00,2025-01-18T22:15:52-08:00,0,0
style.css,42,css,0edffb9e,JianyunYe,2025-01-18,22:15:52,-08:00,2025-01-18T22:15:52-08:00,0,0
style.css,43,css,0edffb9e,JianyunYe,2025-01-18,22:15:52,-08:00,2025-01-18T22:15:52-08:00,0,24
style.css,44,css,0edffb9e,JianyunYe,2025-01-18,22:15:52,-08:00,2025-01-18T22:15:52-08:00,0,13
style.css,45,css,0edffb9e,JianyunYe,2025-01-18,22:15:52,-08:00,2025-01-18T22:15:52-08:00,0,14
style.css,46,css,0edffb9e,JianyunYe,2025-01-18,22:15:52,-08:00,2025-01-18T22:15:52-08:00,0,20
style.css,47,css,0edffb9e,JianyunYe,2025-01-18,22:15:52,-08:00,2025-01-18T22:15:52-08:00,0,0
style.css,48,css,0edffb9e,JianyunYe,2025-01-18,22:15:52,-08:00,2025-01-18T22:15:52-08:00,0,0
style.css,49,css,0edffb9e,JianyunYe,2025-01-18,22:15:52,-08:00,2025-01-18T22:15:52-08:00,0,5
style.css,50,css,0edffb9e,JianyunYe,2025-01-18,22:15:52,-08:00,2025-01-18T22:15:52-08:00,0,13
style.css,51,css,0edffb9e,JianyunYe,2025-01-18,22:15:52,-08:00,2025-01-18T22:15:52-08:00,0,31
style.css,52,css,0edffb9e,JianyunYe,2025-01-18,22:15:52,-08:00,2025-01-18T22:15:52-08:00,0,8
style.css,53,css,0edffb9e,JianyunYe,2025-01-18,22:15:52,-08:00,2025-01-18T22:15:52-08:00,0,17
style.css,54,css,0edffb9e,JianyunYe,2025-01-18,22:15:52,-08:00,2025-01-18T22:15:52-08:00,0,0
style.css,55,css,0edffb9e,JianyunYe,2025-01-18,22:15:52,-08:00,2025-01-18T22:15:52-08:00,0,0
style.css,56,css,0edffb9e,JianyunYe,2025-01-18,22:15:52,-08:00,2025-01-18T22:15:52-08:00,0,11
style.css,57,css,0edffb9e,JianyunYe,2025-01-18,22:15:52,-08:00,2025-01-18T22:15:52-08:00,0,19
style.css,58,css,0edffb9e,JianyunYe,2025-01-18,22:15:52,-08:00,2025-01-18T22:15:52-08:00,0,0
style.css,59,css,0edffb9e,JianyunYe,2025-01-18,22:15:52,-08:00,2025-01-18T22:15:52-08:00,0,0
style.css,60,css,0edffb9e,JianyunYe,2025-01-18,22:15:52,-08:00,2025-01-18T22:15:52-08:00,0,26
style.css,61,css,0edffb9e,JianyunYe,2025-01-18,22:15:52,-08:00,2025-01-18T22:15:52-08:00,0,11
style.css,62,css,0edffb9e,JianyunYe,2025-01-18,22:15:52,-08:00,2025-01-18T22:15:52-08:00,0,22
style.css,63,css,0edffb9e,JianyunYe,2025-01-18,22:15:52,-08:00,2025-01-18T22:15:52-08:00,0,0
style.css,64,css,0edffb9e,JianyunYe,2025-01-18,22:15:52,-08:00,2025-01-18T22:15:52-08:00,0,0
style.css,65,css,0edffb9e,JianyunYe,2025-01-18,22:15:52,-08:00,2025-01-18T22:15:52-08:00,0,12
style.css,66,css,0edffb9e,JianyunYe,2025-01-18,22:15:52,-08:00,2025-01-18T22:15:52-08:00,0,19
style.css,67,css,0edffb9e,JianyunYe,2025-01-18,22:15:52,-08:00,2025-01-18T22:15:52-08:00,0,0
style.css,68,css,0edffb9e,JianyunYe,2025-01-18,22:15:52,-08:00,2025-01-18T22:15:52-08:00,0,0
style.css,69,css,0edffb9e,JianyunYe,2025-01-18,22:15:52,-08:00,2025-01-18T22:15:52-08:00,0,10
style.css,70,css,0edffb9e,JianyunYe,2025-01-18,22:15:52,-08:00,2025-01-18T22:15:52-08:00,0,13
style.css,71,css,7e5be4cb,JianyunYe,2025-01-18,22:34:59,-08:00,2025-01-18T22:34:59-08:00,0,58
style.css,72,css,0edffb9e,JianyunYe,2025-01-18,22:15:52,-08:00,2025-01-18T22:15:52-08:00,0,10
style.css,73,css,0edffb9e,JianyunYe,2025-01-18,22:15:52,-08:00,2025-01-18T22:15:52-08:00,0,17
style.css,74,css,7e5be4cb,JianyunYe,2025-01-18,22:34:59,-08:00,2025-01-18T22:34:59-08:00,0,0
style.css,75,css,7e5be4cb,JianyunYe,2025-01-18,22:34:59,-08:00,2025-01-18T22:34:59-08:00,0,0
style.css,76,css,7e5be4cb,JianyunYe,2025-01-18,22:34:59,-08:00,2025-01-18T22:34:59-08:00,0,18
style.css,77,css,7e5be4cb,JianyunYe,2025-01-18,22:34:59,-08:00,2025-01-18T22:34:59-08:00,0,13
style.css,78,css,7e5be4cb,JianyunYe,2025-01-18,22:34:59,-08:00,2025-01-18T22:34:59-08:00,0,27
style.css,79,css,7e5be4cb,JianyunYe,2025-01-18,22:34:59,-08:00,2025-01-18T22:34:59-08:00,0,16
style.css,80,css,7e5be4cb,JianyunYe,2025-01-18,22:34:59,-08:00,2025-01-18T22:34:59-08:00,0,8
style.css,81,css,7e5be4cb,JianyunYe,2025-01-18,22:34:59,-08:00,2025-01-18T22:34:59-08:00,0,12
style.css,82,css,7e5be4cb,JianyunYe,2025-01-18,22:34:59,-08:00,2025-01-18T22:34:59-08:00,0,25
style.css,83,css,7e5be4cb,JianyunYe,2025-01-18,22:34:59,-08:00,2025-01-18T22:34:59-08:00,0,22
style.css,84,css,7e5be4cb,JianyunYe,2025-01-18,22:34:59,-08:00,2025-01-18T22:34:59-08:00,0,18
style.css,85,css,7e5be4cb,JianyunYe,2025-01-18,22:34:59,-08:00,2025-01-18T22:34:59-08:00,0,22
style.css,86,css,7e5be4cb,JianyunYe,2025-01-18,22:34:59,-08:00,2025-01-18T22:34:59-08:00,0,18
style.css,87,css,7e5be4cb,JianyunYe,2025-01-18,22:34:59,-08:00,2025-01-18T22:34:59-08:00,0,0
style.css,88,css,7e5be4cb,JianyunYe,2025-01-18,22:34:59,-08:00,2025-01-18T22:34:59-08:00,0,0
style.css,89,css,7e5be4cb,JianyunYe,2025-01-18,22:34:59,-08:00,2025-01-18T22:34:59-08:00,0,21
style.css,90,css,7e5be4cb,JianyunYe,2025-01-18,22:34:59,-08:00,2025-01-18T22:34:59-08:00,0,9
style.css,91,css,7e5be4cb,JianyunYe,2025-01-18,22:34:59,-08:00,2025-01-18T22:34:59-08:00,0,16
style.css,92,css,7e5be4cb,JianyunYe,2025-01-18,22:34:59,-08:00,2025-01-18T22:34:59-08:00,0,0
style.css,93,css,7e5be4cb,JianyunYe,2025-01-18,22:34:59,-08:00,2025-01-18T22:34:59-08:00,0,0
style.css,94,css,7e5be4cb,JianyunYe,2025-01-18,22:34:59,-08:00,2025-01-18T22:34:59-08:00,0,22
style.css,95,css,7e5be4cb,JianyunYe,2025-01-18,22:34:59,-08:00,2025-01-18T22:34:59-08:00,0,11
style.css,96,css,7e5be4cb,JianyunYe,2025-01-18,22:34:59,-08:00,2025-01-18T22:34:59-08:00,0,12
style.css,97,css,7e5be4cb,JianyunYe,2025-01-18,22:34:59,-08:00,2025-01-18T22:34:59-08:00,0,18
style.css,98,css,7e5be4cb,JianyunYe,2025-01-18,22:34:59,-08:00,2025-01-18T22:34:59-08:00,0,0
style.css,99,css,7e5be4cb,JianyunYe,2025-01-18,22:34:59,-08:00,2025-01-18T22:34:59-08:00,0,0
style.css,100,css,7e5be4cb,JianyunYe,2025-01-18,22:34:59,-08:00,2025-01-18T22:34:59-08:00,0,3
style.css,101,css,7e5be4cb,JianyunYe,2025-01-18,22:34:59,-08:00,2025-01-18T22:34:59-08:00,0,15
style.css,102,css,7e5be4cb,JianyunYe,2025-01-18,22:34:59,-08:00,2025-01-18T22:34:59-08:00,0,16
style.css,103,css,7e5be4cb,JianyunYe,2025-01-18,22:34:59,-08:00,2025-01-18T22:34:59-08:00,0,20
style.css,104,css,7e5be4cb,JianyunYe,2025-01-18,22:34:59,-08:00,2025-01-18T22:34:59-08:00,0,18
style.css,105,css,7e5be4cb,JianyunYe,2025-01-18,22:34:59,-08:00,2025-01-18T22:34:59-08:00,0,0
style.css,106,css,7e5be4cb,JianyunYe,2025-01-18,22:34:59,-08:00,2025-01-18T22:34:59-08:00,0,0
style.css,107,css,7e5be4cb,JianyunYe,2025-01-18,22:34:59,-08:00,2025-01-18T22:34:59-08:00,0,3
style.css,108,css,7e5be4cb,JianyunYe,2025-01-18,22:34:59,-08:00,2025-01-18T22:34:59-08:00,0,15
style.css,109,css,7e5be4cb,JianyunYe,2025-01-18,22:34:59,-08:00,2025-01-18T22:34:59-08:00,0,17
style.css,110,css,7e5be4cb,JianyunYe,2025-01-18,22:34:59,-08:00,2025-01-18T22:34:59-08:00,0,18
style.css,111,css,7e5be4cb,JianyunYe,2025-01-18,22:34:59,-08:00,2025-01-18T22:34:59-08:00,0,20
style.css,112,css,7e5be4cb,JianyunYe,2025-01-18,22:34:59,-08:00,2025-01-18T22:34:59-08:00,0,0
style.css,113,css,7e5be4cb,JianyunYe,2025-01-18,22:34:59,-08:00,2025-01-18T22:34:59-08:00,0,0
style.css,114,css,7e5be4cb,JianyunYe,2025-01-18,22:34:59,-08:00,2025-01-18T22:34:59-08:00,0,23
style.css,115,css,7e5be4cb,JianyunYe,2025-01-18,22:34:59,-08:00,2025-01-18T22:34:59-08:00,0,16
style.css,116,css,7e5be4cb,JianyunYe,2025-01-18,22:34:59,-08:00,2025-01-18T22:34:59-08:00,0,18
style.css,117,css,7e5be4cb,JianyunYe,2025-01-18,22:34:59,-08:00,2025-01-18T22:34:59-08:00,0,13
style.css,118,css,7e5be4cb,JianyunYe,2025-01-18,22:34:59,-08:00,2025-01-18T22:34:59-08:00,0,20
style.css,119,css,5057a2fd,JianyunYe,2025-01-25,22:39:11,-08:00,2025-01-25T22:39:11-08:00,0,0
style.css,120,css,5057a2fd,JianyunYe,2025-01-25,22:39:11,-08:00,2025-01-25T22:39:11-08:00,0,0
style.css,121,css,5057a2fd,JianyunYe,2025-01-25,22:39:11,-08:00,2025-01-25T22:39:11-08:00,0,5
style.css,122,css,5057a2fd,JianyunYe,2025-01-25,22:39:11,-08:00,2025-01-25T22:39:11-08:00,0,24
style.css,123,css,5057a2fd,JianyunYe,2025-01-25,22:39:11,-08:00,2025-01-25T22:39:11-08:00,0,0
style.css,124,css,5057a2fd,JianyunYe,2025-01-25,22:39:11,-08:00,2025-01-25T22:39:11-08:00,0,0
style.css,125,css,5057a2fd,JianyunYe,2025-01-25,22:39:11,-08:00,2025-01-25T22:39:11-08:00,0,4
style.css,126,css,5057a2fd,JianyunYe,2025-01-25,22:39:11,-08:00,2025-01-25T22:39:11-08:00,0,40
style.css,127,css,5057a2fd,JianyunYe,2025-01-25,22:39:11,-08:00,2025-01-25T22:39:11-08:00,0,40
style.css,128,css,5057a2fd,JianyunYe,2025-01-25,22:39:11,-08:00,2025-01-25T22:39:11-08:00,0,0
style.css,129,css,5057a2fd,JianyunYe,2025-01-25,22:39:11,-08:00,2025-01-25T22:39:11-08:00,0,0
style.css,130,css,5057a2fd,JianyunYe,2025-01-25,22:39:11,-08:00,2025-01-25T22:39:11-08:00,0,2
style.css,131,css,5057a2fd,JianyunYe,2025-01-25,22:39:11,-08:00,2025-01-25T22:39:11-08:00,0,40
style.css,132,css,a5efeb1b,JianyunYe,2025-01-25,22:43:36,-08:00,2025-01-25T22:43:36-08:00,0,0
style.css,133,css,a5efeb1b,JianyunYe,2025-01-25,22:43:36,-08:00,2025-01-25T22:43:36-08:00,0,0
style.css,134,css,a5efeb1b,JianyunYe,2025-01-25,22:43:36,-08:00,2025-01-25T22:43:36-08:00,0,14
style.css,135,css,a5efeb1b,JianyunYe,2025-01-25,22:43:36,-08:00,2025-01-25T22:43:36-08:00,0,15
style.css,136,css,a5efeb1b,JianyunYe,2025-01-25,22:43:36,-08:00,2025-01-25T22:43:36-08:00,0,9
style.css,137,css,a5efeb1b,JianyunYe,2025-01-25,22:43:36,-08:00,2025-01-25T22:43:36-08:00,0,11
style.css,138,css,a5efeb1b,JianyunYe,2025-01-25,22:43:36,-08:00,2025-01-25T22:43:36-08:00,0,18
style.css,139,css,a5efeb1b,JianyunYe,2025-01-25,22:43:36,-08:00,2025-01-25T22:43:36-08:00,0,15
style.css,140,css,a5efeb1b,JianyunYe,2025-01-25,22:43:36,-08:00,2025-01-25T22:43:36-08:00,0,22
style.css,141,css,48004f32,JianyunYe,2025-01-25,22:46:04,-08:00,2025-01-25T22:46:04-08:00,0,0
style.css,142,css,48004f32,JianyunYe,2025-01-25,22:46:04,-08:00,2025-01-25T22:46:04-08:00,0,0
style.css,143,css,48004f32,JianyunYe,2025-01-25,22:46:04,-08:00,2025-01-25T22:46:04-08:00,0,14
style.css,144,css,48004f32,JianyunYe,2025-01-25,22:46:04,-08:00,2025-01-25T22:46:04-08:00,0,18
style.css,145,css,48004f32,JianyunYe,2025-01-25,22:46:04,-08:00,2025-01-25T22:46:04-08:00,0,9
style.css,146,css,48004f32,JianyunYe,2025-01-25,22:46:04,-08:00,2025-01-25T22:46:04-08:00,0,11
style.css,147,css,48004f32,JianyunYe,2025-01-25,22:46:04,-08:00,2025-01-25T22:46:04-08:00,0,14
style.css,148,css,48004f32,JianyunYe,2025-01-25,22:46:04,-08:00,2025-01-25T22:46:04-08:00,0,0
style.css,149,css,48004f32,JianyunYe,2025-01-25,22:46:04,-08:00,2025-01-25T22:46:04-08:00,0,0
style.css,150,css,48004f32,JianyunYe,2025-01-25,22:46:04,-08:00,2025-01-25T22:46:04-08:00,0,7
style.css,151,css,48004f32,JianyunYe,2025-01-25,22:46:04,-08:00,2025-01-25T22:46:04-08:00,0,20
style.css,152,css,65d0b97e,JianyunYe,2025-01-31,23:45:43,-08:00,2025-01-31T23:45:43-08:00,0,0
style.css,153,css,65d0b97e,JianyunYe,2025-01-31,23:45:43,-08:00,2025-01-31T23:45:43-08:00,0,0
style.css,154,css,65d0b97e,JianyunYe,2025-01-31,23:45:43,-08:00,2025-01-31T23:45:43-08:00,0,14
style.css,155,css,65d0b97e,JianyunYe,2025-01-31,23:45:43,-08:00,2025-01-31T23:45:43-08:00,0,13
style.css,156,css,65d0b97e,JianyunYe,2025-01-31,23:45:43,-08:00,2025-01-31T23:45:43-08:00,0,30
style.css,157,css,65d0b97e,JianyunYe,2025-01-31,23:45:43,-08:00,2025-01-31T23:45:43-08:00,0,9
style.css,158,css,65d0b97e,JianyunYe,2025-01-31,23:45:43,-08:00,2025-01-31T23:45:43-08:00,0,16
style.css,159,css,65d0b97e,JianyunYe,2025-01-31,23:45:43,-08:00,2025-01-31T23:45:43-08:00,0,19
style.css,160,css,65d0b97e,JianyunYe,2025-01-31,23:45:43,-08:00,2025-01-31T23:45:43-08:00,0,13
style.css,161,css,65d0b97e,JianyunYe,2025-01-31,23:45:43,-08:00,2025-01-31T23:45:43-08:00,0,18
style.css,162,css,65d0b97e,JianyunYe,2025-01-31,23:45:43,-08:00,2025-01-31T23:45:43-08:00,0,0
style.css,163,css,65d0b97e,JianyunYe,2025-01-31,23:45:43,-08:00,2025-01-31T23:45:43-08:00,0,0
style.css,164,css,65d0b97e,JianyunYe,2025-01-31,23:45:43,-08:00,2025-01-31T23:45:43-08:00,0,17
style.css,165,css,65d0b97e,JianyunYe,2025-01-31,23:45:43,-08:00,2025-01-31T23:45:43-08:00,0,17
style.css,166,css,65d0b97e,JianyunYe,2025-01-31,23:45:43,-08:00,2025-01-31T23:45:43-08:00,0,0
style.css,167,css,65d0b97e,JianyunYe,2025-01-31,23:45:43,-08:00,2025-01-31T23:45:43-08:00,0,0
style.css,168,css,65d0b97e,JianyunYe,2025-01-31,23:45:43,-08:00,2025-01-31T23:45:43-08:00,0,17
style.css,169,css,65d0b97e,JianyunYe,2025-01-31,23:45:43,-08:00,2025-01-31T23:45:43-08:00,0,9
style.css,170,css,8bc90610,JianyunYe,2025-02-14,21:12:36,-08:00,2025-02-14T21:12:36-08:00,0,0
style.css,171,css,8bc90610,JianyunYe,2025-02-14,21:12:36,-08:00,2025-02-14T21:12:36-08:00,0,0
style.css,172,css,8bc90610,JianyunYe,2025-02-14,21:12:36,-08:00,2025-02-14T21:12:36-08:00,0,14
style.css,173,css,8bc90610,JianyunYe,2025-02-14,21:12:36,-08:00,2025-02-14T21:12:36-08:00,0,11
style.css,174,css,8bc90610,JianyunYe,2025-02-14,21:12:36,-08:00,2025-02-14T21:12:36-08:00,0,31
style.css,175,css,8bc90610,JianyunYe,2025-02-14,21:12:36,-08:00,2025-02-14T21:12:36-08:00,0,35
style.css,176,css,8bc90610,JianyunYe,2025-02-14,21:12:36,-08:00,2025-02-14T21:12:36-08:00,0,16
style.css,177,css,8bc90610,JianyunYe,2025-02-14,21:12:36,-08:00,2025-02-14T21:12:36-08:00,0,15
style.css,178,css,8bc90610,JianyunYe,2025-02-14,21:12:36,-08:00,2025-02-14T21:12:36-08:00,0,0
style.css,179,css,8bc90610,JianyunYe,2025-02-14,21:12:36,-08:00,2025-02-14T21:12:36-08:00,0,0
style.css,180,css,8bc90610,JianyunYe,2025-02-14,21:12:36,-08:00,2025-02-14T21:12:36-08:00,0,19
style.css,181,css,8bc90610,JianyunYe,2025-02-14,21:12:36,-08:00,2025-02-14T21:12:36-08:00,0,15
style.css,182,css,8bc90610,JianyunYe,2025-02-14,21:12:36,-08:00,2025-02-14T21:12:36-08:00,0,17
style.css,183,css,8bc90610,JianyunYe,2025-02-14,21:12:36,-08:00,2025-02-14T21:12:36-08:00,0,17
style.css,184,css,8bc90610,JianyunYe,2025-02-14,21:12:36,-08:00,2025-02-14T21:12:36-08:00,0,0
style.css,185,css,8bc90610,JianyunYe,2025-02-14,21:12:36,-08:00,2025-02-14T21:12:36-08:00,0,0
style.css,186,css,8bc90610,JianyunYe,2025-02-14,21:12:36,-08:00,2025-02-14T21:12:36-08:00,0,8
style.css,187,css,8bc90610,JianyunYe,2025-02-14,21:12:36,-08:00,2025-02-14T21:12:36-08:00,0,13
style.css,188,css,8bc90610,JianyunYe,2025-02-14,21:12:36,-08:00,2025-02-14T21:12:36-08:00,0,58
style.css,189,css,8bc90610,JianyunYe,2025-02-14,21:12:36,-08:00,2025-02-14T21:12:36-08:00,0,8
style.css,190,css,8bc90610,JianyunYe,2025-02-14,21:12:36,-08:00,2025-02-14T21:12:36-08:00,0,22
style.css,191,css,8bc90610,JianyunYe,2025-02-14,21:12:36,-08:00,2025-02-14T21:12:36-08:00,0,12
style.css,192,css,8bc90610,JianyunYe,2025-02-14,21:12:36,-08:00,2025-02-14T21:12:36-08:00,0,15
style.css,193,css,8bc90610,JianyunYe,2025-02-14,21:12:36,-08:00,2025-02-14T21:12:36-08:00,0,19
style.css,194,css,8bc90610,JianyunYe,2025-02-14,21:12:36,-08:00,2025-02-14T21:12:36-08:00,0,0
style.css,195,css,8bc90610,JianyunYe,2025-02-14,21:12:36,-08:00,2025-02-14T21:12:36-08:00,0,0
style.css,196,css,8bc90610,JianyunYe,2025-02-14,21:12:36,-08:00,2025-02-14T21:12:36-08:00,0,13
style.css,197,css,8bc90610,JianyunYe,2025-02-14,21:12:36,-08:00,2025-02-14T21:12:36-08:00,0,13
style.css,198,css,8bc90610,JianyunYe,2025-02-14,21:12:36,-08:00,2025-02-14T21:12:36-08:00,0,19
style.css,199,css,8bc90610,JianyunYe,2025-02-14,21:12:36,-08:00,2025-02-14T21:12:36-08:00,0,10
style.css,200,css,8bc90610,JianyunYe,2025-02-14,21:12:36,-08:00,2025-02-14T21:12:36-08:00,0,0
style.css,201,css,8bc90610,JianyunYe,2025-02-14,21:12:36,-08:00,2025-02-14T21:12:36-08:00,0,0
style.css,202,css,8bc90610,JianyunYe,2025-02-14,21:12:36,-08:00,2025-02-14T21:12:36-08:00,0,8
style.css,203,css,8bc90610,JianyunYe,2025-02-14,21:12:36,-08:00,2025-02-14T21:12:36-08:00,0,21
style.css,204,css,8bc90610,JianyunYe,2025-02-14,21:12:36,-08:00,2025-02-14T21:12:36-08:00,0,10
style.css,205,css,8bc90610,JianyunYe,2025-02-14,21:12:36,-08:00,2025-02-14T21:12:36-08:00,0,11
style.css,206,css,8bc90610,JianyunYe,2025-02-14,21:12:36,-08:00,2025-02-14T21:12:36-08:00,0,30
style.css,207,css,8bc90610,JianyunYe,2025-02-14,21:12:36,-08:00,2025-02-14T21:12:36-08:00,0,18
style.css,208,css,8bc90610,JianyunYe,2025-02-14,21:12:36,-08:00,2025-02-14T21:12:36-08:00,0,0
style.css,209,css,8bc90610,JianyunYe,2025-02-14,21:12:36,-08:00,2025-02-14T21:12:36-08:00,0,0
style.css,210,css,8bc90610,JianyunYe,2025-02-14,21:12:36,-08:00,2025-02-14T21:12:36-08:00,0,11
style.css,211,css,8bc90610,JianyunYe,2025-02-14,21:12:36,-08:00,2025-02-14T21:12:36-08:00,0,13
style.css,212,css,8bc90610,JianyunYe,2025-02-14,21:12:36,-08:00,2025-02-14T21:12:36-08:00,0,19
style.css,213,css,8bc90610,JianyunYe,2025-02-14,21:12:36,-08:00,2025-02-14T21:12:36-08:00,0,10
style.css,214,css,8bc90610,JianyunYe,2025-02-14,21:12:36,-08:00,2025-02-14T21:12:36-08:00,0,0
style.css,215,css,8bc90610,JianyunYe,2025-02-14,21:12:36,-08:00,2025-02-14T21:12:36-08:00,0,0
style.css,216,css,8bc90610,JianyunYe,2025-02-14,21:12:36,-08:00,2025-02-14T21:12:36-08:00,0,8
style.css,217,css,8bc90610,JianyunYe,2025-02-14,21:12:36,-08:00,2025-02-14T21:12:36-08:00,0,7
style.css,218,css,8bc90610,JianyunYe,2025-02-14,21:12:36,-08:00,2025-02-14T21:12:36-08:00,0,0
style.css,219,css,5dbe3f82,JianyunYe,2025-02-14,21:32:06,-08:00,2025-02-14T21:32:06-08:00,0,0
style.css,220,css,5dbe3f82,JianyunYe,2025-02-14,21:32:06,-08:00,2025-02-14T21:32:06-08:00,0,52
style.css,221,css,5dbe3f82,JianyunYe,2025-02-14,21:32:06,-08:00,2025-02-14T21:32:06-08:00,0,12
style.css,222,css,5dbe3f82,JianyunYe,2025-02-14,21:32:06,-08:00,2025-02-14T21:32:06-08:00,0,0
style.css,223,css,5dbe3f82,JianyunYe,2025-02-14,21:32:06,-08:00,2025-02-14T21:32:06-08:00,0,0
style.css,224,css,5dbe3f82,JianyunYe,2025-02-14,21:32:06,-08:00,2025-02-14T21:32:06-08:00,0,5
style.css,225,css,5dbe3f82,JianyunYe,2025-02-14,21:32:06,-08:00,2025-02-14T21:32:06-08:00,0,17
style.css,226,css,5dbe3f82,JianyunYe,2025-02-14,21:32:06,-08:00,2025-02-14T21:32:06-08:00,0,15
style.css,227,css,5dbe3f82,JianyunYe,2025-02-14,21:32:06,-08:00,2025-02-14T21:32:06-08:00,0,0
style.css,228,css,5dbe3f82,JianyunYe,2025-02-14,21:32:06,-08:00,2025-02-14T21:32:06-08:00,0,0
style.css,229,css,5dbe3f82,JianyunYe,2025-02-14,21:32:06,-08:00,2025-02-14T21:32:06-08:00,0,10
style.css,230,css,5dbe3f82,JianyunYe,2025-02-14,21:32:06,-08:00,2025-02-14T21:32:06-08:00,0,36
style.css,231,css,5dbe3f82,JianyunYe,2025-02-14,21:32:06,-08:00,2025-02-14T21:32:06-08:00,0,0
style.css,232,css,5dbe3f82,JianyunYe,2025-02-14,21:32:06,-08:00,2025-02-14T21:32:06-08:00,0,0
style.css,233,css,5dbe3f82,JianyunYe,2025-02-14,21:32:06,-08:00,2025-02-14T21:32:06-08:00,0,19
style.css,234,css,5dbe3f82,JianyunYe,2025-02-14,21:32:06,-08:00,2025-02-14T21:32:06-08:00,0,18
style.css,235,css,5dbe3f82,JianyunYe,2025-02-14,21:32:06,-08:00,2025-02-14T21:32:06-08:00,0,0
style.css,236,css,5dbe3f82,JianyunYe,2025-02-14,21:32:06,-08:00,2025-02-14T21:32:06-08:00,0,0
style.css,237,css,5dbe3f82,JianyunYe,2025-02-14,21:32:06,-08:00,2025-02-14T21:32:06-08:00,0,27
style.css,238,css,5dbe3f82,JianyunYe,2025-02-14,21:32:06,-08:00,2025-02-14T21:32:06-08:00,0,17
style.css,239,css,5dbe3f82,JianyunYe,2025-02-14,21:32:06,-08:00,2025-02-14T21:32:06-08:00,0,0
style.css,240,css,5dbe3f82,JianyunYe,2025-02-14,21:32:06,-08:00,2025-02-14T21:32:06-08:00,0,0
index.js,1,js,3046f6a3,JianyunYe,2025-01-31,23:44:00,-08:00,2025-01-31T23:44:00-08:00,0,81
index.js,2,js,e196065b,JianyunYe,2025-01-31,23:19:48,-08:00,2025-01-31T23:19:48-08:00,0,0
index.js,3,js,e196065b,JianyunYe,2025-01-31,23:19:48,-08:00,2025-01-31T23:19:48-08:00,0,13
index.js,4,js,e196065b,JianyunYe,2025-01-31,23:19:48,-08:00,2025-01-31T23:19:48-08:00,0,4
index.js,5,js,c7b84e72,JianyunYe,2025-01-31,23:31:15,-08:00,2025-01-31T23:31:15-08:00,0,64
index.js,6,js,e196065b,JianyunYe,2025-01-31,23:19:48,-08:00,2025-01-31T23:19:48-08:00,0,0
index.js,7,js,e196065b,JianyunYe,2025-01-31,23:19:48,-08:00,2025-01-31T23:19:48-08:00,0,43
index.js,8,js,e196065b,JianyunYe,2025-01-31,23:19:48,-08:00,2025-01-31T23:19:48-08:00,0,0
index.js,9,js,e196065b,JianyunYe,2025-01-31,23:19:48,-08:00,2025-01-31T23:19:48-08:00,0,61
index.js,10,js,e196065b,JianyunYe,2025-01-31,23:19:48,-08:00,2025-01-31T23:19:48-08:00,0,0
index.js,11,js,e196065b,JianyunYe,2025-01-31,23:19:48,-08:00,2025-01-31T23:19:48-08:00,0,55
index.js,12,js,e196065b,JianyunYe,2025-01-31,23:19:48,-08:00,2025-01-31T23:19:48-08:00,0,0
index.js,13,js,eee20e5d,JianyunYe,2025-01-31,23:36:15,-08:00,2025-01-31T23:36:15-08:00,0,53
index.js,14,js,eee20e5d,JianyunYe,2025-01-31,23:36:15,-08:00,2025-01-31T23:36:15-08:00,0,39
index.js,15,js,eee20e5d,JianyunYe,2025-01-31,23:36:15,-08:00,2025-01-31T23:36:15-08:00,0,0
index.js,16,js,3046f6a3,JianyunYe,2025-01-31,23:44:00,-08:00,2025-01-31T23:44:00-08:00,0,61
index.js,17,js,3046f6a3,JianyunYe,2025-01-31,23:44:00,-08:00,2025-01-31T23:44:00-08:00,0,18
index.js,18,js,3046f6a3,JianyunYe,2025-01-31,23:44:00,-08:00,2025-01-31T23:44:00-08:00,0,25
index.js,19,js,3046f6a3,JianyunYe,2025-01-31,23:44:00,-08:00,2025-01-31T23:44:00-08:00,0,28
index.js,20,js,3046f6a3,JianyunYe,2025-01-31,23:44:00,-08:00,2025-01-31T23:44:00-08:00,0,24
index.js,21,js,3046f6a3,JianyunYe,2025-01-31,23:44:00,-08:00,2025-01-31T23:44:00-08:00,0,56
index.js,22,js,3046f6a3,JianyunYe,2025-01-31,23:44:00,-08:00,2025-01-31T23:44:00-08:00,0,56
index.js,23,js,3046f6a3,JianyunYe,2025-01-31,23:44:00,-08:00,2025-01-31T23:44:00-08:00,0,50
index.js,24,js,3046f6a3,JianyunYe,2025-01-31,23:44:00,-08:00,2025-01-31T23:44:00-08:00,0,50
index.js,25,js,3046f6a3,JianyunYe,2025-01-31,23:44:00,-08:00,2025-01-31T23:44:00-08:00,0,4
index.js,26,js,3046f6a3,JianyunYe,2025-01-31,23:44:00,-08:00,2025-01-31T23:44:00-08:00,0,1
index.js,27,js,3046f6a3,JianyunYe,2025-01-31,23:44:00,-08:00,2025-01-31T23:44:00-08:00,0,0
index.js,28,js,eee20e5d,JianyunYe,2025-01-31,23:36:15,-08:00,2025-01-31T23:36:15-08:00,0,16
index.js,29,js,3046f6a3,JianyunYe,2025-01-31,23:44:00,-08:00,2025-01-31T23:44:00-08:00,0,43
index.js,30,js,eee20e5d,JianyunYe,2025-01-31,23:36:15,-08:00,2025-01-31T23:36:15-08:00,0,0
index.js,31,js,3046f6a3,JianyunYe,2025-01-31,23:44:00,-08:00,2025-01-31T23:44:00-08:00,0,4
index.html,1,html,991349ab,JianyunYe,2025-01-11,21:41:29,-08:00,2025-01-11T21:41:29-08:00,0,14
index.html,2,html,d95770c6,JianyunYe,2025-01-25,22:24:24,-08:00,2025-01-25T22:24:24-08:00,0,28
index.html,3,html,991349ab,JianyunYe,2025-01-11,21:41:29,-08:00,2025-01-11T21:41:29-08:00,0,5
index.html,4,html,991349ab,JianyunYe,2025-01-11,21:41:29,-08:00,2025-01-11T21:41:29-08:00,0,21
index.html,5,html,991349ab,JianyunYe,2025-01-11,21:41:29,-08:00,2025-01-11T21:41:29-08:00,0,69
index.html,6,html,991349ab,JianyunYe,2025-01-11,21:41:29,-08:00,2025-01-11T21:41:29-08:00,0,53
index.html,7,html,fef0fd81,JianyunYe,2025-01-11,22:35:07,-08:00,2025-01-11T22:35:07-08:00,0,41
index.html,8,html,1e2580dd,JianyunYe,2025-02-14,20:30:20,-08:00,2025-02-14T20:30:20-08:00,0,48
index.html,9,html,1e2580dd,JianyunYe,2025-02-14,20:30:20,-08:00,2025-02-14T20:30:20-08:00,0,53
index.html,10,html,991349ab,JianyunYe,2025-01-11,21:41:29,-08:00,2025-01-11T21:41:29-08:00,0,6
index.html,11,html,991349ab,JianyunYe,2025-01-11,21:41:29,-08:00,2025-01-11T21:41:29-08:00,0,5
index.html,12,html,991349ab,JianyunYe,2025-01-11,21:41:29,-08:00,2025-01-11T21:41:29-08:00,0,18
index.html,13,html,991349ab,JianyunYe,2025-01-11,21:41:29,-08:00,2025-01-11T21:41:29-08:00,0,119
index.html,14,html,6aba3049,JianyunYe,2025-01-11,23:17:00,-08:00,2025-01-11T23:17:00-08:00,0,63
index.html,15,html,e196065b,JianyunYe,2025-01-31,23:19:48,-08:00,2025-01-31T23:19:48-08:00,0,0
index.html,16,html,e196065b,JianyunYe,2025-01-31,23:19:48,-08:00,2025-01-31T23:19:48-08:00,0,23
index.html,17,html,e196065b,JianyunYe,2025-01-31,23:19:48,-08:00,2025-01-31T23:19:48-08:00,0,27
index.html,18,html,db9c1f2b,JianyunYe,2025-01-31,23:40:19,-08:00,2025-01-31T23:40:19-08:00,0,0
index.html,19,html,65d0b97e,JianyunYe,2025-01-31,23:45:43,-08:00,2025-01-31T23:45:43-08:00,0,20
index.html,20,html,db9c1f2b,JianyunYe,2025-01-31,23:40:19,-08:00,2025-01-31T23:40:19-08:00,0,29
index.html,21,html,991349ab,JianyunYe,2025-01-11,21:41:29,-08:00,2025-01-11T21:41:29-08:00,0,6
index.html,22,html,6aba3049,JianyunYe,2025-01-11,23:17:00,-08:00,2025-01-11T23:17:00-08:00,0,6
global.js,1,js,d95770c6,JianyunYe,2025-01-25,22:24:24,-08:00,2025-01-25T22:24:24-08:00,0,14
global.js,2,js,d95770c6,JianyunYe,2025-01-25,22:24:24,-08:00,2025-01-25T22:24:24-08:00,0,26
global.js,3,js,d95770c6,JianyunYe,2025-01-25,22:24:24,-08:00,2025-01-25T22:24:24-08:00,0,39
global.js,4,js,d95770c6,JianyunYe,2025-01-25,22:24:24,-08:00,2025-01-25T22:24:24-08:00,0,37
global.js,5,js,d95770c6,JianyunYe,2025-01-25,22:24:24,-08:00,2025-01-25T22:24:24-08:00,0,27
global.js,6,js,c9cfece0,JianyunYe,2025-02-14,22:13:43,-08:00,2025-02-14T22:13:43-08:00,0,41
global.js,7,js,a5efeb1b,JianyunYe,2025-01-25,22:43:36,-08:00,2025-01-25T22:43:36-08:00,0,64
global.js,8,js,d95770c6,JianyunYe,2025-01-25,22:24:24,-08:00,2025-01-25T22:24:24-08:00,0,1
global.js,9,js,d95770c6,JianyunYe,2025-01-25,22:24:24,-08:00,2025-01-25T22:24:24-08:00,0,0
global.js,10,js,d95770c6,JianyunYe,2025-01-25,22:24:24,-08:00,2025-01-25T22:24:24-08:00,0,71
global.js,11,js,d95770c6,JianyunYe,2025-01-25,22:24:24,-08:00,2025-01-25T22:24:24-08:00,0,0
global.js,12,js,d95770c6,JianyunYe,2025-01-25,22:24:24,-08:00,2025-01-25T22:24:24-08:00,0,39
global.js,13,js,d95770c6,JianyunYe,2025-01-25,22:24:24,-08:00,2025-01-25T22:24:24-08:00,0,26
global.js,14,js,d95770c6,JianyunYe,2025-01-25,22:24:24,-08:00,2025-01-25T22:24:24-08:00,0,0
global.js,15,js,d95770c6,JianyunYe,2025-01-25,22:24:24,-08:00,2025-01-25T22:24:24-08:00,0,21
global.js,16,js,d95770c6,JianyunYe,2025-01-25,22:24:24,-08:00,2025-01-25T22:24:24-08:00,0,15
global.js,17,js,d95770c6,JianyunYe,2025-01-25,22:24:24,-08:00,2025-01-25T22:24:24-08:00,0,19
global.js,18,js,a5efeb1b,JianyunYe,2025-01-25,22:43:36,-08:00,2025-01-25T22:43:36-08:00,0,0
global.js,19,js,d95770c6,JianyunYe,2025-01-25,22:24:24,-08:00,2025-01-25T22:24:24-08:00,0,45
global.js,20,js,d95770c6,JianyunYe,2025-01-25,22:24:24,-08:00,2025-01-25T22:24:24-08:00,0,17
global.js,21,js,d95770c6,JianyunYe,2025-01-25,22:24:24,-08:00,2025-01-25T22:24:24-08:00,0,0
global.js,22,js,a5efeb1b,JianyunYe,2025-01-25,22:43:36,-08:00,2025-01-25T22:43:36-08:00,0,0
global.js,23,js,c2a6db19,JianyunYe,2025-01-25,22:33:04,-08:00,2025-01-25T22:33:04-08:00,0,35
global.js,24,js,c2a6db19,JianyunYe,2025-01-25,22:33:04,-08:00,2025-01-25T22:33:04-08:00,0,12
global.js,25,js,c2a6db19,JianyunYe,2025-01-25,22:33:04,-08:00,2025-01-25T22:33:04-08:00,0,21
global.js,26,js,a5efeb1b,JianyunYe,2025-01-25,22:43:36,-08:00,2025-01-25T22:43:36-08:00,0,0
global.js,27,js,816a276f,JianyunYe,2025-01-25,22:37:32,-08:00,2025-01-25T22:37:32-08:00,0,28
global.js,28,js,816a276f,JianyunYe,2025-01-25,22:37:32,-08:00,2025-01-25T22:37:32-08:00,0,19
global.js,29,js,816a276f,JianyunYe,2025-01-25,22:37:32,-08:00,2025-01-25T22:37:32-08:00,0,0
global.js,30,js,a5efeb1b,JianyunYe,2025-01-25,22:43:36,-08:00,2025-01-25T22:43:36-08:00,0,0
global.js,31,js,c2a6db19,JianyunYe,2025-01-25,22:33:04,-08:00,2025-01-25T22:33:04-08:00,0,18
global.js,32,js,c2a6db19,JianyunYe,2025-01-25,22:33:04,-08:00,2025-01-25T22:33:04-08:00,0,9
global.js,33,js,c2a6db19,JianyunYe,2025-01-25,22:33:04,-08:00,2025-01-25T22:33:04-08:00,0,59
global.js,34,js,c2a6db19,JianyunYe,2025-01-25,22:33:04,-08:00,2025-01-25T22:33:04-08:00,0,1
global.js,35,js,a5efeb1b,JianyunYe,2025-01-25,22:43:36,-08:00,2025-01-25T22:43:36-08:00,0,0
global.js,36,js,c2a6db19,JianyunYe,2025-01-25,22:33:04,-08:00,2025-01-25T22:33:04-08:00,0,13
global.js,37,js,a5efeb1b,JianyunYe,2025-01-25,22:43:36,-08:00,2025-01-25T22:43:36-08:00,0,0
global.js,38,js,a5efeb1b,JianyunYe,2025-01-25,22:43:36,-08:00,2025-01-25T22:43:36-08:00,0,0
global.js,39,js,3ac9d63f,JianyunYe,2025-01-25,22:55:22,-08:00,2025-01-25T22:55:22-08:00,0,37
global.js,40,js,3ac9d63f,JianyunYe,2025-01-25,22:55:22,-08:00,2025-01-25T22:55:22-08:00,0,71
global.js,41,js,3ac9d63f,JianyunYe,2025-01-25,22:55:22,-08:00,2025-01-25T22:55:22-08:00,0,26
global.js,42,js,3ac9d63f,JianyunYe,2025-01-25,22:55:22,-08:00,2025-01-25T22:55:22-08:00,0,38
global.js,43,js,3ac9d63f,JianyunYe,2025-01-25,22:55:22,-08:00,2025-01-25T22:55:22-08:00,0,0
global.js,44,js,3ac9d63f,JianyunYe,2025-01-25,22:55:22,-08:00,2025-01-25T22:55:22-08:00,0,0
global.js,45,js,a5efeb1b,JianyunYe,2025-01-25,22:43:36,-08:00,2025-01-25T22:43:36-08:00,0,30
global.js,46,js,a5efeb1b,JianyunYe,2025-01-25,22:43:36,-08:00,2025-01-25T22:43:36-08:00,0,69
global.js,47,js,a5efeb1b,JianyunYe,2025-01-25,22:43:36,-08:00,2025-01-25T22:43:36-08:00,0,0
global.js,48,js,a5efeb1b,JianyunYe,2025-01-25,22:43:36,-08:00,2025-01-25T22:43:36-08:00,0,32
global.js,49,js,a5efeb1b,JianyunYe,2025-01-25,22:43:36,-08:00,2025-01-25T22:43:36-08:00,0,12
global.js,50,js,a5efeb1b,JianyunYe,2025-01-25,22:43:36,-08:00,2025-01-25T22:43:36-08:00,0,28
global.js,51,js,a5efeb1b,JianyunYe,2025-01-25,22:43:36,-08:00,2025-01-25T22:43:36-08:00,0,5
global.js,52,js,a5efeb1b,JianyunYe,2025-01-25,22:43:36,-08:00,2025-01-25T22:43:36-08:00,0,7
global.js,53,js,a5efeb1b,JianyunYe,2025-01-25,22:43:36,-08:00,2025-01-25T22:43:36-08:00,0,69
global.js,54,js,a5efeb1b,JianyunYe,2025-01-25,22:43:36,-08:00,2025-01-25T22:43:36-08:00,0,35
global.js,55,js,a5efeb1b,JianyunYe,2025-01-25,22:43:36,-08:00,2025-01-25T22:43:36-08:00,0,33
global.js,56,js,a5efeb1b,JianyunYe,2025-01-25,22:43:36,-08:00,2025-01-25T22:43:36-08:00,0,8
global.js,57,js,a5efeb1b,JianyunYe,2025-01-25,22:43:36,-08:00,2025-01-25T22:43:36-08:00,0,8
global.js,58,js,a5efeb1b,JianyunYe,2025-01-25,22:43:36,-08:00,2025-01-25T22:43:36-08:00,0,1
global.js,59,js,abeca103,JianyunYe,2025-01-25,22:47:50,-08:00,2025-01-25T22:47:50-08:00,0,0
global.js,60,js,abeca103,JianyunYe,2025-01-25,22:47:50,-08:00,2025-01-25T22:47:50-08:00,0,61
global.js,61,js,df4a4a4c,JianyunYe,2025-01-25,22:51:56,-08:00,2025-01-25T22:51:56-08:00,0,35
global.js,62,js,df4a4a4c,JianyunYe,2025-01-25,22:51:56,-08:00,2025-01-25T22:51:56-08:00,0,40
global.js,63,js,df4a4a4c,JianyunYe,2025-01-25,22:51:56,-08:00,2025-01-25T22:51:56-08:00,0,0
global.js,64,js,df4a4a4c,JianyunYe,2025-01-25,22:51:56,-08:00,2025-01-25T22:51:56-08:00,0,44
global.js,65,js,df4a4a4c,JianyunYe,2025-01-25,22:51:56,-08:00,2025-01-25T22:51:56-08:00,0,33
global.js,66,js,1d384766,JianyunYe,2025-01-31,22:07:51,-08:00,2025-01-31T22:07:51-08:00,0,2
global.js,67,js,1d384766,JianyunYe,2025-01-31,22:07:51,-08:00,2025-01-31T22:07:51-08:00,0,0
global.js,68,js,1d384766,JianyunYe,2025-01-31,22:07:51,-08:00,2025-01-31T22:07:51-08:00,0,37
global.js,69,js,1d384766,JianyunYe,2025-01-31,22:07:51,-08:00,2025-01-31T22:07:51-08:00,0,4
global.js,70,js,9bb8301c,JianyunYe,2025-02-14,20:38:43,-08:00,2025-02-14T20:38:43-08:00,0,83
global.js,71,js,9bb8301c,JianyunYe,2025-02-14,20:38:43,-08:00,2025-02-14T20:38:43-08:00,0,0
global.js,72,js,1ca441a3,JianyunYe,2025-02-14,20:42:28,-08:00,2025-02-14T20:42:28-08:00,0,75
global.js,73,js,1d384766,JianyunYe,2025-01-31,22:07:51,-08:00,2025-01-31T22:07:51-08:00,0,0
global.js,74,js,1d384766,JianyunYe,2025-01-31,22:07:51,-08:00,2025-01-31T22:07:51-08:00,0,18
global.js,75,js,1ca441a3,JianyunYe,2025-02-14,20:42:28,-08:00,2025-02-14T20:42:28-08:00,0,65
global.js,76,js,1d384766,JianyunYe,2025-01-31,22:07:51,-08:00,2025-01-31T22:07:51-08:00,0,0
global.js,77,js,1d384766,JianyunYe,2025-01-31,22:07:51,-08:00,2025-01-31T22:07:51-08:00,0,0
global.js,78,js,1d384766,JianyunYe,2025-01-31,22:07:51,-08:00,2025-01-31T22:07:51-08:00,0,34
global.js,79,js,1d384766,JianyunYe,2025-01-31,22:07:51,-08:00,2025-01-31T22:07:51-08:00,0,11
global.js,80,js,1d384766,JianyunYe,2025-01-31,22:07:51,-08:00,2025-01-31T22:07:51-08:00,0,0
global.js,81,js,1d384766,JianyunYe,2025-01-31,22:07:51,-08:00,2025-01-31T22:07:51-08:00,0,16
global.js,82,js,1d384766,JianyunYe,2025-01-31,22:07:51,-08:00,2025-01-31T22:07:51-08:00,0,60
global.js,83,js,1d384766,JianyunYe,2025-01-31,22:07:51,-08:00,2025-01-31T22:07:51-08:00,0,0
global.js,84,js,313af37f,JianyunYe,2025-01-31,22:22:30,-08:00,2025-01-31T22:22:30-08:00,0,0
global.js,85,js,313af37f,JianyunYe,2025-01-31,22:22:30,-08:00,2025-01-31T22:22:30-08:00,0,0
global.js,86,js,e196065b,JianyunYe,2025-01-31,23:19:48,-08:00,2025-01-31T23:19:48-08:00,0,80
global.js,87,js,e196065b,JianyunYe,2025-01-31,23:19:48,-08:00,2025-01-31T23:19:48-08:00,0,93
global.js,88,js,e196065b,JianyunYe,2025-01-31,23:19:48,-08:00,2025-01-31T23:19:48-08:00,0,61
global.js,89,js,e196065b,JianyunYe,2025-01-31,23:19:48,-08:00,2025-01-31T23:19:48-08:00,0,6
global.js,90,js,e196065b,JianyunYe,2025-01-31,23:19:48,-08:00,2025-01-31T23:19:48-08:00,0,0
global.js,91,js,e196065b,JianyunYe,2025-01-31,23:19:48,-08:00,2025-01-31T23:19:48-08:00,0,0
global.js,92,js,e196065b,JianyunYe,2025-01-31,23:19:48,-08:00,2025-01-31T23:19:48-08:00,0,62
global.js,93,js,e196065b,JianyunYe,2025-01-31,23:19:48,-08:00,2025-01-31T23:19:48-08:00,0,18
global.js,94,js,e196065b,JianyunYe,2025-01-31,23:19:48,-08:00,2025-01-31T23:19:48-08:00,0,56
global.js,95,js,e196065b,JianyunYe,2025-01-31,23:19:48,-08:00,2025-01-31T23:19:48-08:00,0,0
global.js,96,js,313af37f,JianyunYe,2025-01-31,22:22:30,-08:00,2025-01-31T22:22:30-08:00,0,0
global.js,97,js,e196065b,JianyunYe,2025-01-31,23:19:48,-08:00,2025-01-31T23:19:48-08:00,0,27
global.js,98,js,e196065b,JianyunYe,2025-01-31,23:19:48,-08:00,2025-01-31T23:19:48-08:00,0,56
global.js,99,js,e196065b,JianyunYe,2025-01-31,23:19:48,-08:00,2025-01-31T23:19:48-08:00,0,6
global.js,100,js,e196065b,JianyunYe,2025-01-31,23:19:48,-08:00,2025-01-31T23:19:48-08:00,0,0
global.js,101,js,313af37f,JianyunYe,2025-01-31,22:22:30,-08:00,2025-01-31T22:22:30-08:00,0,0
global.js,102,js,e196065b,JianyunYe,2025-01-31,23:19:48,-08:00,2025-01-31T23:19:48-08:00,0,31
global.js,103,js,313af37f,JianyunYe,2025-01-31,22:22:30,-08:00,2025-01-31T22:22:30-08:00,0,0
global.js,104,js,e196065b,JianyunYe,2025-01-31,23:19:48,-08:00,2025-01-31T23:19:48-08:00,0,58
global.js,105,js,e196065b,JianyunYe,2025-01-31,23:19:48,-08:00,2025-01-31T23:19:48-08:00,0,43
global.js,106,js,e196065b,JianyunYe,2025-01-31,23:19:48,-08:00,2025-01-31T23:19:48-08:00,0,19
global.js,107,js,313af37f,JianyunYe,2025-01-31,22:22:30,-08:00,2025-01-31T22:22:30-08:00,0,0
global.js,108,js,e196065b,JianyunYe,2025-01-31,23:19:48,-08:00,2025-01-31T23:19:48-08:00,0,0
global.js,109,js,e196065b,JianyunYe,2025-01-31,23:19:48,-08:00,2025-01-31T23:19:48-08:00,0,30
global.js,110,js,e196065b,JianyunYe,2025-01-31,23:19:48,-08:00,2025-01-31T23:19:48-08:00,0,49
global.js,111,js,e196065b,JianyunYe,2025-01-31,23:19:48,-08:00,2025-01-31T23:19:48-08:00,0,64
global.js,112,js,e196065b,JianyunYe,2025-01-31,23:19:48,-08:00,2025-01-31T23:19:48-08:00,0,70
global.js,113,js,8bc90610,JianyunYe,2025-02-14,21:12:36,-08:00,2025-02-14T21:12:36-08:00,0,43
global.js,114,js,e196065b,JianyunYe,2025-01-31,23:19:48,-08:00,2025-01-31T23:19:48-08:00,0,0
global.js,115,js,e196065b,JianyunYe,2025-01-31,23:19:48,-08:00,2025-01-31T23:19:48-08:00,0,49
global.js,116,js,e196065b,JianyunYe,2025-01-31,23:19:48,-08:00,2025-01-31T23:19:48-08:00,0,20
global.js,117,js,e196065b,JianyunYe,2025-01-31,23:19:48,-08:00,2025-01-31T23:19:48-08:00,0,42
global.js,118,js,e196065b,JianyunYe,2025-01-31,23:19:48,-08:00,2025-01-31T23:19:48-08:00,0,88
global.js,119,js,8bc90610,JianyunYe,2025-02-14,21:12:36,-08:00,2025-02-14T21:12:36-08:00,0,25
global.js,120,js,8bc90610,JianyunYe,2025-02-14,21:12:36,-08:00,2025-02-14T21:12:36-08:00,0,20
global.js,121,js,8bc90610,JianyunYe,2025-02-14,21:12:36,-08:00,2025-02-14T21:12:36-08:00,0,34
global.js,122,js,8bc90610,JianyunYe,2025-02-14,21:12:36,-08:00,2025-02-14T21:12:36-08:00,0,5
global.js,123,js,e196065b,JianyunYe,2025-01-31,23:19:48,-08:00,2025-01-31T23:19:48-08:00,0,1
global.js,124,js,e196065b,JianyunYe,2025-01-31,23:19:48,-08:00,2025-01-31T23:19:48-08:00,0,0
global.js,125,js,e196065b,JianyunYe,2025-01-31,23:19:48,-08:00,2025-01-31T23:19:48-08:00,0,37
global.js,126,js,e196065b,JianyunYe,2025-01-31,23:19:48,-08:00,2025-01-31T23:19:48-08:00,0,2
global.js,127,js,e196065b,JianyunYe,2025-01-31,23:19:48,-08:00,2025-01-31T23:19:48-08:00,0,0
global.js,128,js,e196065b,JianyunYe,2025-01-31,23:19:48,-08:00,2025-01-31T23:19:48-08:00,0,46
global.js,129,js,e196065b,JianyunYe,2025-01-31,23:19:48,-08:00,2025-01-31T23:19:48-08:00,0,0
global.js,130,js,e196065b,JianyunYe,2025-01-31,23:19:48,-08:00,2025-01-31T23:19:48-08:00,0,0
global.js,131,js,e196065b,JianyunYe,2025-01-31,23:19:48,-08:00,2025-01-31T23:19:48-08:00,0,48
global.js,132,js,e196065b,JianyunYe,2025-01-31,23:19:48,-08:00,2025-01-31T23:19:48-08:00,0,60
global.js,133,js,1d384766,JianyunYe,2025-01-31,22:07:51,-08:00,2025-01-31T22:07:51-08:00,0,0
projects/projects.js,1,js,e5a7b15f,JianyunYe,2025-02-14,20:34:25,-08:00,2025-02-14T20:34:25-08:00,0,56
projects/projects.js,2,js,8bc90610,JianyunYe,2025-02-14,21:12:36,-08:00,2025-02-14T21:12:36-08:00,0,64
projects/projects.js,3,js,e196065b,JianyunYe,2025-01-31,23:19:48,-08:00,2025-01-31T23:19:48-08:00,0,0
projects/projects.js,4,js,5dbe3f82,JianyunYe,2025-02-14,21:32:06,-08:00,2025-02-14T21:32:06-08:00,0,14
projects/projects.js,5,js,5dbe3f82,JianyunYe,2025-02-14,21:32:06,-08:00,2025-02-14T21:32:06-08:00,0,17
projects/projects.js,6,js,5dbe3f82,JianyunYe,2025-02-14,21:32:06,-08:00,2025-02-14T21:32:06-08:00,0,54
projects/projects.js,7,js,5dbe3f82,JianyunYe,2025-02-14,21:32:06,-08:00,2025-02-14T21:32:06-08:00,0,0
projects/projects.js,8,js,e196065b,JianyunYe,2025-01-31,23:19:48,-08:00,2025-01-31T23:19:48-08:00,0,13
projects/projects.js,9,js,e196065b,JianyunYe,2025-01-31,23:19:48,-08:00,2025-01-31T23:19:48-08:00,0,4
projects/projects.js,10,js,e196065b,JianyunYe,2025-01-31,23:19:48,-08:00,2025-01-31T23:19:48-08:00,0,61
projects/projects.js,11,js,7a6e9701,JianyunYe,2025-01-31,23:54:24,-08:00,2025-01-31T23:54:24-08:00,0,24
projects/projects.js,12,js,7a6e9701,JianyunYe,2025-01-31,23:54:24,-08:00,2025-01-31T23:54:24-08:00,0,54
projects/projects.js,13,js,7a6e9701,JianyunYe,2025-01-31,23:54:24,-08:00,2025-01-31T23:54:24-08:00,0,6
projects/projects.js,14,js,7a6e9701,JianyunYe,2025-01-31,23:54:24,-08:00,2025-01-31T23:54:24-08:00,0,0
projects/projects.js,15,js,7a6e9701,JianyunYe,2025-01-31,23:54:24,-08:00,2025-01-31T23:54:24-08:00,0,0
projects/projects.js,16,js,5dbe3f82,JianyunYe,2025-02-14,21:32:06,-08:00,2025-02-14T21:32:06-08:00,0,48
projects/projects.js,17,js,e196065b,JianyunYe,2025-01-31,23:19:48,-08:00,2025-01-31T23:19:48-08:00,0,49
projects/projects.js,18,js,5dbe3f82,JianyunYe,2025-02-14,21:32:06,-08:00,2025-02-14T21:32:06-08:00,0,24
projects/projects.js,19,js,e196065b,JianyunYe,2025-01-31,23:19:48,-08:00,2025-01-31T23:19:48-08:00,0,0
projects/projects.js,20,js,e196065b,JianyunYe,2025-01-31,23:19:48,-08:00,2025-01-31T23:19:48-08:00,0,16
projects/projects.js,21,js,7a6e9701,JianyunYe,2025-01-31,23:54:24,-08:00,2025-01-31T23:54:24-08:00,0,46
projects/projects.js,22,js,e196065b,JianyunYe,2025-01-31,23:19:48,-08:00,2025-01-31T23:19:48-08:00,0,0
projects/projects.js,23,js,8bc90610,JianyunYe,2025-02-14,21:12:36,-08:00,2025-02-14T21:12:36-08:00,0,4
projects/projects.js,24,js,8bc90610,JianyunYe,2025-02-14,21:12:36,-08:00,2025-02-14T21:12:36-08:00,0,0
projects/projects.js,25,js,5dbe3f82,JianyunYe,2025-02-14,21:32:06,-08:00,2025-02-14T21:32:06-08:00,0,0
projects/projects.js,26,js,5dbe3f82,JianyunYe,2025-02-14,21:32:06,-08:00,2025-02-14T21:32:06-08:00,0,49
projects/projects.js,27,js,5dbe3f82,JianyunYe,2025-02-14,21:32:06,-08:00,2025-02-14T21:32:06-08:00,0,40
projects/projects.js,28,js,5dbe3f82,JianyunYe,2025-02-14,21:32:06,-08:00,2025-02-14T21:32:06-08:00,0,0
projects/projects.js,29,js,5dbe3f82,JianyunYe,2025-02-14,21:32:06,-08:00,2025-02-14T21:32:06-08:00,0,52
projects/projects.js,30,js,5dbe3f82,JianyunYe,2025-02-14,21:32:06,-08:00,2025-02-14T21:32:06-08:00,0,60
projects/projects.js,31,js,5dbe3f82,JianyunYe,2025-02-14,21:32:06,-08:00,2025-02-14T21:32:06-08:00,0,29
projects/projects.js,32,js,5dbe3f82,JianyunYe,2025-02-14,21:32:06,-08:00,2025-02-14T21:32:06-08:00,0,2
projects/projects.js,33,js,5dbe3f82,JianyunYe,2025-02-14,21:32:06,-08:00,2025-02-14T21:32:06-08:00,0,0
projects/projects.js,34,js,5dbe3f82,JianyunYe,2025-02-14,21:32:06,-08:00,2025-02-14T21:32:06-08:00,0,75
projects/projects.js,35,js,5dbe3f82,JianyunYe,2025-02-14,21:32:06,-08:00,2025-02-14T21:32:06-08:00,0,32
projects/projects.js,36,js,5dbe3f82,JianyunYe,2025-02-14,21:32:06,-08:00,2025-02-14T21:32:06-08:00,0,2
projects/projects.js,37,js,5dbe3f82,JianyunYe,2025-02-14,21:32:06,-08:00,2025-02-14T21:32:06-08:00,0,0
projects/projects.js,38,js,5dbe3f82,JianyunYe,2025-02-14,21:32:06,-08:00,2025-02-14T21:32:06-08:00,0,22
projects/projects.js,39,js,5dbe3f82,JianyunYe,2025-02-14,21:32:06,-08:00,2025-02-14T21:32:06-08:00,0,0
projects/projects.js,40,js,5dbe3f82,JianyunYe,2025-02-14,21:32:06,-08:00,2025-02-14T21:32:06-08:00,0,39
projects/projects.js,41,js,5dbe3f82,JianyunYe,2025-02-14,21:32:06,-08:00,2025-02-14T21:32:06-08:00,0,44
projects/projects.js,42,js,5dbe3f82,JianyunYe,2025-02-14,21:32:06,-08:00,2025-02-14T21:32:06-08:00,0,33
projects/projects.js,43,js,5dbe3f82,JianyunYe,2025-02-14,21:32:06,-08:00,2025-02-14T21:32:06-08:00,0,0
projects/projects.js,44,js,5dbe3f82,JianyunYe,2025-02-14,21:32:06,-08:00,2025-02-14T21:32:06-08:00,0,33
projects/projects.js,45,js,5dbe3f82,JianyunYe,2025-02-14,21:32:06,-08:00,2025-02-14T21:32:06-08:00,0,15
projects/projects.js,46,js,5dbe3f82,JianyunYe,2025-02-14,21:32:06,-08:00,2025-02-14T21:32:06-08:00,0,0
projects/projects.js,47,js,8bc90610,JianyunYe,2025-02-14,21:12:36,-08:00,2025-02-14T21:12:36-08:00,0,27
projects/projects.js,48,js,5dbe3f82,JianyunYe,2025-02-14,21:32:06,-08:00,2025-02-14T21:32:06-08:00,0,13
projects/projects.js,49,js,8bc90610,JianyunYe,2025-02-14,21:12:36,-08:00,2025-02-14T21:12:36-08:00,0,13
projects/projects.js,50,js,8bc90610,JianyunYe,2025-02-14,21:12:36,-08:00,2025-02-14T21:12:36-08:00,0,10
projects/projects.js,51,js,8bc90610,JianyunYe,2025-02-14,21:12:36,-08:00,2025-02-14T21:12:36-08:00,0,1
projects/projects.js,52,js,8bc90610,JianyunYe,2025-02-14,21:12:36,-08:00,2025-02-14T21:12:36-08:00,0,0
projects/projects.js,53,js,8bc90610,JianyunYe,2025-02-14,21:12:36,-08:00,2025-02-14T21:12:36-08:00,0,46
projects/projects.js,54,js,8bc90610,JianyunYe,2025-02-14,21:12:36,-08:00,2025-02-14T21:12:36-08:00,0,12
projects/projects.js,55,js,8bc90610,JianyunYe,2025-02-14,21:12:36,-08:00,2025-02-14T21:12:36-08:00,0,10
projects/projects.js,56,js,8bc90610,JianyunYe,2025-02-14,21:12:36,-08:00,2025-02-14T21:12:36-08:00,0,3
projects/projects.js,57,js,8bc90610,JianyunYe,2025-02-14,21:12:36,-08:00,2025-02-14T21:12:36-08:00,0,0
projects/projects.js,58,js,8bc90610,JianyunYe,2025-02-14,21:12:36,-08:00,2025-02-14T21:12:36-08:00,0,49
projects/projects.js,59,js,8bc90610,JianyunYe,2025-02-14,21:12:36,-08:00,2025-02-14T21:12:36-08:00,0,34
projects/projects.js,60,js,8bc90610,JianyunYe,2025-02-14,21:12:36,-08:00,2025-02-14T21:12:36-08:00,0,58
projects/projects.js,61,js,8bc90610,JianyunYe,2025-02-14,21:12:36,-08:00,2025-02-14T21:12:36-08:00,0,48
projects/projects.js,62,js,8bc90610,JianyunYe,2025-02-14,21:12:36,-08:00,2025-02-14T21:12:36-08:00,0,0
projects/projects.js,63,js,8bc90610,JianyunYe,2025-02-14,21:12:36,-08:00,2025-02-14T21:12:36-08:00,0,28
projects/projects.js,64,js,5dbe3f82,JianyunYe,2025-02-14,21:32:06,-08:00,2025-02-14T21:32:06-08:00,0,20
projects/projects.js,65,js,5dbe3f82,JianyunYe,2025-02-14,21:32:06,-08:00,2025-02-14T21:32:06-08:00,0,26
projects/projects.js,66,js,5dbe3f82,JianyunYe,2025-02-14,21:32:06,-08:00,2025-02-14T21:32:06-08:00,0,25
projects/projects.js,67,js,5dbe3f82,JianyunYe,2025-02-14,21:32:06,-08:00,2025-02-14T21:32:06-08:00,0,54
projects/projects.js,68,js,5dbe3f82,JianyunYe,2025-02-14,21:32:06,-08:00,2025-02-14T21:32:06-08:00,0,26
projects/projects.js,69,js,5dbe3f82,JianyunYe,2025-02-14,21:32:06,-08:00,2025-02-14T21:32:06-08:00,0,19
projects/projects.js,70,js,5dbe3f82,JianyunYe,2025-02-14,21:32:06,-08:00,2025-02-14T21:32:06-08:00,0,48
projects/projects.js,71,js,5dbe3f82,JianyunYe,2025-02-14,21:32:06,-08:00,2025-02-14T21:32:06-08:00,0,74
projects/projects.js,72,js,5dbe3f82,JianyunYe,2025-02-14,21:32:06,-08:00,2025-02-14T21:32:06-08:00,0,0
projects/projects.js,73,js,5dbe3f82,JianyunYe,2025-02-14,21:32:06,-08:00,2025-02-14T21:32:06-08:00,0,34
projects/projects.js,74,js,5dbe3f82,JianyunYe,2025-02-14,21:32:06,-08:00,2025-02-14T21:32:06-08:00,0,46
projects/projects.js,75,js,5dbe3f82,JianyunYe,2025-02-14,21:32:06,-08:00,2025-02-14T21:32:06-08:00,0,10
projects/projects.js,76,js,5dbe3f82,JianyunYe,2025-02-14,21:32:06,-08:00,2025-02-14T21:32:06-08:00,0,0
projects/projects.js,77,js,5dbe3f82,JianyunYe,2025-02-14,21:32:06,-08:00,2025-02-14T21:32:06-08:00,0,75
projects/projects.js,78,js,5dbe3f82,JianyunYe,2025-02-14,21:32:06,-08:00,2025-02-14T21:32:06-08:00,0,0
projects/projects.js,79,js,5dbe3f82,JianyunYe,2025-02-14,21:32:06,-08:00,2025-02-14T21:32:06-08:00,0,23
projects/projects.js,80,js,5dbe3f82,JianyunYe,2025-02-14,21:32:06,-08:00,2025-02-14T21:32:06-08:00,0,63
projects/projects.js,81,js,5dbe3f82,JianyunYe,2025-02-14,21:32:06,-08:00,2025-02-14T21:32:06-08:00,0,0
projects/projects.js,82,js,5dbe3f82,JianyunYe,2025-02-14,21:32:06,-08:00,2025-02-14T21:32:06-08:00,0,21
projects/projects.js,83,js,5dbe3f82,JianyunYe,2025-02-14,21:32:06,-08:00,2025-02-14T21:32:06-08:00,0,86
projects/projects.js,84,js,5dbe3f82,JianyunYe,2025-02-14,21:32:06,-08:00,2025-02-14T21:32:06-08:00,0,2
projects/projects.js,85,js,8bc90610,JianyunYe,2025-02-14,21:12:36,-08:00,2025-02-14T21:12:36-08:00,0,2
projects/projects.js,86,js,8bc90610,JianyunYe,2025-02-14,21:12:36,-08:00,2025-02-14T21:12:36-08:00,0,0
projects/projects.js,87,js,8bc90610,JianyunYe,2025-02-14,21:12:36,-08:00,2025-02-14T21:12:36-08:00,0,25
projects/projects.js,88,js,8bc90610,JianyunYe,2025-02-14,21:12:36,-08:00,2025-02-14T21:12:36-08:00,0,18
projects/projects.js,89,js,8bc90610,JianyunYe,2025-02-14,21:12:36,-08:00,2025-02-14T21:12:36-08:00,0,39
projects/projects.js,90,js,8bc90610,JianyunYe,2025-02-14,21:12:36,-08:00,2025-02-14T21:12:36-08:00,0,28
projects/projects.js,91,js,5dbe3f82,JianyunYe,2025-02-14,21:32:06,-08:00,2025-02-14T21:32:06-08:00,0,69
projects/projects.js,92,js,5dbe3f82,JianyunYe,2025-02-14,21:32:06,-08:00,2025-02-14T21:32:06-08:00,0,19
projects/projects.js,93,js,5dbe3f82,JianyunYe,2025-02-14,21:32:06,-08:00,2025-02-14T21:32:06-08:00,0,48
projects/projects.js,94,js,5dbe3f82,JianyunYe,2025-02-14,21:32:06,-08:00,2025-02-14T21:32:06-08:00,0,0
projects/projects.js,95,js,5dbe3f82,JianyunYe,2025-02-14,21:32:06,-08:00,2025-02-14T21:32:06-08:00,0,23
projects/projects.js,96,js,5dbe3f82,JianyunYe,2025-02-14,21:32:06,-08:00,2025-02-14T21:32:06-08:00,0,63
projects/projects.js,97,js,8bc90610,JianyunYe,2025-02-14,21:12:36,-08:00,2025-02-14T21:12:36-08:00,0,0
projects/projects.js,98,js,5dbe3f82,JianyunYe,2025-02-14,21:32:06,-08:00,2025-02-14T21:32:06-08:00,0,21
projects/projects.js,99,js,5dbe3f82,JianyunYe,2025-02-14,21:32:06,-08:00,2025-02-14T21:32:06-08:00,0,86
projects/projects.js,100,js,5dbe3f82,JianyunYe,2025-02-14,21:32:06,-08:00,2025-02-14T21:32:06-08:00,0,2
projects/projects.js,101,js,5dbe3f82,JianyunYe,2025-02-14,21:32:06,-08:00,2025-02-14T21:32:06-08:00,0,2
projects/projects.js,102,js,5dbe3f82,JianyunYe,2025-02-14,21:32:06,-08:00,2025-02-14T21:32:06-08:00,0,0
projects/index.html,1,html,fef0fd81,JianyunYe,2025-01-11,22:35:07,-08:00,2025-01-11T22:35:07-08:00,0,14
projects/index.html,2,html,fef0fd81,JianyunYe,2025-01-11,22:35:07,-08:00,2025-01-11T22:35:07-08:00,0,15
projects/index.html,3,html,fef0fd81,JianyunYe,2025-01-11,22:35:07,-08:00,2025-01-11T22:35:07-08:00,0,5
projects/index.html,4,html,fef0fd81,JianyunYe,2025-01-11,22:35:07,-08:00,2025-01-11T22:35:07-08:00,0,21
projects/index.html,5,html,fef0fd81,JianyunYe,2025-01-11,22:35:07,-08:00,2025-01-11T22:35:07-08:00,0,69
projects/index.html,6,html,fef0fd81,JianyunYe,2025-01-11,22:35:07,-08:00,2025-01-11T22:35:07-08:00,0,35
projects/index.html,7,html,fef0fd81,JianyunYe,2025-01-11,22:35:07,-08:00,2025-01-11T22:35:07-08:00,0,42
projects/index.html,8,html,1e2580dd,JianyunYe,2025-02-14,20:30:20,-08:00,2025-02-14T20:30:20-08:00,0,49
projects/index.html,9,html,1e2580dd,JianyunYe,2025-02-14,20:30:20,-08:00,2025-02-14T20:30:20-08:00,0,50
projects/index.html,10,html,fef0fd81,JianyunYe,2025-01-11,22:35:07,-08:00,2025-01-11T22:35:07-08:00,0,6
projects/index.html,11,html,fef0fd81,JianyunYe,2025-01-11,22:35:07,-08:00,2025-01-11T22:35:07-08:00,0,5
projects/index.html,12,html,e196065b,JianyunYe,2025-01-31,23:19:48,-08:00,2025-01-31T23:19:48-08:00,0,39
projects/index.html,13,html,8bc90610,JianyunYe,2025-02-14,21:12:36,-08:00,2025-02-14T21:12:36-08:00,0,0
projects/index.html,14,html,8bc90610,JianyunYe,2025-02-14,21:12:36,-08:00,2025-02-14T21:12:36-08:00,0,22
projects/index.html,15,html,8bc90610,JianyunYe,2025-02-14,21:12:36,-08:00,2025-02-14T21:12:36-08:00,0,59
projects/index.html,16,html,8bc90610,JianyunYe,2025-02-14,21:12:36,-08:00,2025-02-14T21:12:36-08:00,0,23
projects/index.html,17,html,5dbe3f82,JianyunYe,2025-02-14,21:32:06,-08:00,2025-02-14T21:32:06-08:00,0,0
projects/index.html,18,html,5dbe3f82,JianyunYe,2025-02-14,21:32:06,-08:00,2025-02-14T21:32:06-08:00,0,5
projects/index.html,19,html,5dbe3f82,JianyunYe,2025-02-14,21:32:06,-08:00,2025-02-14T21:32:06-08:00,0,16
projects/index.html,20,html,5dbe3f82,JianyunYe,2025-02-14,21:32:06,-08:00,2025-02-14T21:32:06-08:00,0,12
projects/index.html,21,html,5dbe3f82,JianyunYe,2025-02-14,21:32:06,-08:00,2025-02-14T21:32:06-08:00,0,27
projects/index.html,22,html,5dbe3f82,JianyunYe,2025-02-14,21:32:06,-08:00,2025-02-14T21:32:06-08:00,0,32
projects/index.html,23,html,5dbe3f82,JianyunYe,2025-02-14,21:32:06,-08:00,2025-02-14T21:32:06-08:00,0,1
projects/index.html,24,html,8bc90610,JianyunYe,2025-02-14,21:12:36,-08:00,2025-02-14T21:12:36-08:00,0,5
projects/index.html,25,html,8bc90610,JianyunYe,2025-02-14,21:12:36,-08:00,2025-02-14T21:12:36-08:00,0,0
projects/index.html,26,html,fef0fd81,JianyunYe,2025-01-11,22:35:07,-08:00,2025-01-11T22:35:07-08:00,0,34
projects/index.html,27,html,0edffb9e,JianyunYe,2025-01-18,22:15:52,-08:00,2025-01-18T22:15:52-08:00,0,0
projects/index.html,28,html,8bc90610,JianyunYe,2025-02-14,21:12:36,-08:00,2025-02-14T21:12:36-08:00,0,27
projects/index.html,29,html,8bc90610,JianyunYe,2025-02-14,21:12:36,-08:00,2025-02-14T21:12:36-08:00,0,0
projects/index.html,30,html,fef0fd81,JianyunYe,2025-01-11,22:35:07,-08:00,2025-01-11T22:35:07-08:00,0,6
projects/index.html,31,html,fef0fd81,JianyunYe,2025-01-11,22:35:07,-08:00,2025-01-11T22:35:07-08:00,0,6
meta/index.html,1,html,c9cfece0,JianyunYe,2025-02-14,22:13:43,-08:00,2025-02-14T22:13:43-08:00,0,14
meta/index.html,2,html,c9cfece0,JianyunYe,2025-02-14,22:13:43,-08:00,2025-02-14T22:13:43-08:00,0,15
meta/index.html,3,html,c9cfece0,JianyunYe,2025-02-14,22:13:43,-08:00,2025-02-14T22:13:43-08:00,0,5
meta/index.html,4,html,c9cfece0,JianyunYe,2025-02-14,22:13:43,-08:00,2025-02-14T22:13:43-08:00,0,21
meta/index.html,5,html,c9cfece0,JianyunYe,2025-02-14,22:13:43,-08:00,2025-02-14T22:13:43-08:00,0,69
meta/index.html,6,html,c9cfece0,JianyunYe,2025-02-14,22:13:43,-08:00,2025-02-14T22:13:43-08:00,0,31
meta/index.html,7,html,c9cfece0,JianyunYe,2025-02-14,22:13:43,-08:00,2025-02-14T22:13:43-08:00,0,42
meta/index.html,8,html,c9cfece0,JianyunYe,2025-02-14,22:13:43,-08:00,2025-02-14T22:13:43-08:00,0,49
meta/index.html,9,html,c9cfece0,JianyunYe,2025-02-14,22:13:43,-08:00,2025-02-14T22:13:43-08:00,0,6
meta/index.html,10,html,c9cfece0,JianyunYe,2025-02-14,22:13:43,-08:00,2025-02-14T22:13:43-08:00,0,5
meta/index.html,11,html,c9cfece0,JianyunYe,2025-02-14,22:13:43,-08:00,2025-02-14T22:13:43-08:00,0,12
meta/index.html,12,html,c9cfece0,JianyunYe,2025-02-14,22:13:43,-08:00,2025-02-14T22:13:43-08:00,0,61
meta/index.html,13,html,c9cfece0,JianyunYe,2025-02-14,22:13:43,-08:00,2025-02-14T22:13:43-08:00,0,6
meta/index.html,14,html,c9cfece0,JianyunYe,2025-02-14,22:13:43,-08:00,2025-02-14T22:13:43-08:00,0,6
cv/index.html,1,html,74e5d5eb,JianyunYe,2025-01-11,23:09:18,-08:00,2025-01-11T23:09:18-08:00,0,14
cv/index.html,2,html,74e5d5eb,JianyunYe,2025-01-11,23:09:18,-08:00,2025-01-11T23:09:18-08:00,0,15
cv/index.html,3,html,74e5d5eb,JianyunYe,2025-01-11,23:09:18,-08:00,2025-01-11T23:09:18-08:00,0,5
cv/index.html,4,html,74e5d5eb,JianyunYe,2025-01-11,23:09:18,-08:00,2025-01-11T23:09:18-08:00,0,21
cv/index.html,5,html,74e5d5eb,JianyunYe,2025-01-11,23:09:18,-08:00,2025-01-11T23:09:18-08:00,0,69
cv/index.html,6,html,74e5d5eb,JianyunYe,2025-01-11,23:09:18,-08:00,2025-01-11T23:09:18-08:00,0,29
cv/index.html,7,html,74e5d5eb,JianyunYe,2025-01-11,23:09:18,-08:00,2025-01-11T23:09:18-08:00,0,42
cv/index.html,8,html,c9cfece0,JianyunYe,2025-02-14,22:13:43,-08:00,2025-02-14T22:13:43-08:00,0,49
cv/index.html,9,html,74e5d5eb,JianyunYe,2025-01-11,23:09:18,-08:00,2025-01-11T23:09:18-08:00,0,6
cv/index.html,10,html,74e5d5eb,JianyunYe,2025-01-11,23:09:18,-08:00,2025-01-11T23:09:18-08:00,0,5
cv/index.html,11,html,74e5d5eb,JianyunYe,2025-01-11,23:09:18,-08:00,2025-01-11T23:09:18-08:00,0,24
cv/index.html,12,html,74e5d5eb,JianyunYe,2025-01-11,23:09:18,-08:00,2025-01-11T23:09:18-08:00,0,0
cv/index.html,13,html,74e5d5eb,JianyunYe,2025-01-11,23:09:18,-08:00,2025-01-11T23:09:18-08:00,0,12
cv/index.html,14,html,74e5d5eb,JianyunYe,2025-01-11,23:09:18,-08:00,2025-01-11T23:09:18-08:00,0,8
cv/index.html,15,html,74e5d5eb,JianyunYe,2025-01-11,23:09:18,-08:00,2025-01-11T23:09:18-08:00,0,7
cv/index.html,16,html,74e5d5eb,JianyunYe,2025-01-11,23:09:18,-08:00,2025-01-11T23:09:18-08:00,0,28
cv/index.html,17,html,74e5d5eb,JianyunYe,2025-01-11,23:09:18,-08:00,2025-01-11T23:09:18-08:00,0,8
cv/index.html,18,html,74e5d5eb,JianyunYe,2025-01-11,23:09:18,-08:00,2025-01-11T23:09:18-08:00,0,20
cv/index.html,19,html,74e5d5eb,JianyunYe,2025-01-11,23:09:18,-08:00,2025-01-11T23:09:18-08:00,0,33
cv/index.html,20,html,74e5d5eb,JianyunYe,2025-01-11,23:09:18,-08:00,2025-01-11T23:09:18-08:00,0,27
cv/index.html,21,html,74e5d5eb,JianyunYe,2025-01-11,23:09:18,-08:00,2025-01-11T23:09:18-08:00,0,9
cv/index.html,22,html,74e5d5eb,JianyunYe,2025-01-11,23:09:18,-08:00,2025-01-11T23:09:18-08:00,0,0
cv/index.html,23,html,74e5d5eb,JianyunYe,2025-01-11,23:09:18,-08:00,2025-01-11T23:09:18-08:00,0,12
cv/index.html,24,html,74e5d5eb,JianyunYe,2025-01-11,23:09:18,-08:00,2025-01-11T23:09:18-08:00,0,8
cv/index.html,25,html,74e5d5eb,JianyunYe,2025-01-11,23:09:18,-08:00,2025-01-11T23:09:18-08:00,0,7
cv/index.html,26,html,74e5d5eb,JianyunYe,2025-01-11,23:09:18,-08:00,2025-01-11T23:09:18-08:00,0,17
cv/index.html,27,html,74e5d5eb,JianyunYe,2025-01-11,23:09:18,-08:00,2025-01-11T23:09:18-08:00,0,8
cv/index.html,28,html,74e5d5eb,JianyunYe,2025-01-11,23:09:18,-08:00,2025-01-11T23:09:18-08:00,0,8
cv/index.html,29,html,74e5d5eb,JianyunYe,2025-01-11,23:09:18,-08:00,2025-01-11T23:09:18-08:00,0,7
cv/index.html,30,html,74e5d5eb,JianyunYe,2025-01-11,23:09:18,-08:00,2025-01-11T23:09:18-08:00,0,34
cv/index.html,31,html,74e5d5eb,JianyunYe,2025-01-11,23:09:18,-08:00,2025-01-11T23:09:18-08:00,0,8
cv/index.html,32,html,74e5d5eb,JianyunYe,2025-01-11,23:09:18,-08:00,2025-01-11T23:09:18-08:00,0,41
cv/index.html,33,html,74e5d5eb,JianyunYe,2025-01-11,23:09:18,-08:00,2025-01-11T23:09:18-08:00,0,88
cv/index.html,34,html,74e5d5eb,JianyunYe,2025-01-11,23:09:18,-08:00,2025-01-11T23:09:18-08:00,0,9
cv/index.html,35,html,74e5d5eb,JianyunYe,2025-01-11,23:09:18,-08:00,2025-01-11T23:09:18-08:00,0,8
cv/index.html,36,html,74e5d5eb,JianyunYe,2025-01-11,23:09:18,-08:00,2025-01-11T23:09:18-08:00,0,7
cv/index.html,37,html,74e5d5eb,JianyunYe,2025-01-11,23:09:18,-08:00,2025-01-11T23:09:18-08:00,0,32
cv/index.html,38,html,74e5d5eb,JianyunYe,2025-01-11,23:09:18,-08:00,2025-01-11T23:09:18-08:00,0,8
cv/index.html,39,html,74e5d5eb,JianyunYe,2025-01-11,23:09:18,-08:00,2025-01-11T23:09:18-08:00,0,37
cv/index.html,40,html,74e5d5eb,JianyunYe,2025-01-11,23:09:18,-08:00,2025-01-11T23:09:18-08:00,0,88
cv/index.html,41,html,74e5d5eb,JianyunYe,2025-01-11,23:09:18,-08:00,2025-01-11T23:09:18-08:00,0,9
cv/index.html,42,html,74e5d5eb,JianyunYe,2025-01-11,23:09:18,-08:00,2025-01-11T23:09:18-08:00,0,9
cv/index.html,43,html,74e5d5eb,JianyunYe,2025-01-11,23:09:18,-08:00,2025-01-11T23:09:18-08:00,0,0
cv/index.html,44,html,74e5d5eb,JianyunYe,2025-01-11,23:09:18,-08:00,2025-01-11T23:09:18-08:00,0,12
cv/index.html,45,html,74e5d5eb,JianyunYe,2025-01-11,23:09:18,-08:00,2025-01-11T23:09:18-08:00,0,8
cv/index.html,46,html,74e5d5eb,JianyunYe,2025-01-11,23:09:18,-08:00,2025-01-11T23:09:18-08:00,0,7
cv/index.html,47,html,74e5d5eb,JianyunYe,2025-01-11,23:09:18,-08:00,2025-01-11T23:09:18-08:00,0,23
cv/index.html,48,html,74e5d5eb,JianyunYe,2025-01-11,23:09:18,-08:00,2025-01-11T23:09:18-08:00,0,8
cv/index.html,49,html,74e5d5eb,JianyunYe,2025-01-11,23:09:18,-08:00,2025-01-11T23:09:18-08:00,0,8
cv/index.html,50,html,74e5d5eb,JianyunYe,2025-01-11,23:09:18,-08:00,2025-01-11T23:09:18-08:00,0,7
cv/index.html,51,html,74e5d5eb,JianyunYe,2025-01-11,23:09:18,-08:00,2025-01-11T23:09:18-08:00,0,27
cv/index.html,52,html,74e5d5eb,JianyunYe,2025-01-11,23:09:18,-08:00,2025-01-11T23:09:18-08:00,0,8
cv/index.html,53,html,74e5d5eb,JianyunYe,2025-01-11,23:09:18,-08:00,2025-01-11T23:09:18-08:00,0,21
cv/index.html,54,html,74e5d5eb,JianyunYe,2025-01-11,23:09:18,-08:00,2025-01-11T23:09:18-08:00,0,86
cv/index.html,55,html,74e5d5eb,JianyunYe,2025-01-11,23:09:18,-08:00,2025-01-11T23:09:18-08:00,0,3
cv/index.html,56,html,74e5d5eb,JianyunYe,2025-01-11,23:09:18,-08:00,2025-01-11T23:09:18-08:00,0,53
cv/index.html,57,html,74e5d5eb,JianyunYe,2025-01-11,23:09:18,-08:00,2025-01-11T23:09:18-08:00,0,63
cv/index.html,58,html,74e5d5eb,JianyunYe,2025-01-11,23:09:18,-08:00,2025-01-11T23:09:18-08:00,0,88
cv/index.html,59,html,74e5d5eb,JianyunYe,2025-01-11,23:09:18,-08:00,2025-01-11T23:09:18-08:00,0,4
cv/index.html,60,html,74e5d5eb,JianyunYe,2025-01-11,23:09:18,-08:00,2025-01-11T23:09:18-08:00,0,9
cv/index.html,61,html,74e5d5eb,JianyunYe,2025-01-11,23:09:18,-08:00,2025-01-11T23:09:18-08:00,0,9
cv/index.html,62,html,74e5d5eb,JianyunYe,2025-01-11,23:09:18,-08:00,2025-01-11T23:09:18-08:00,0,0
cv/index.html,63,html,74e5d5eb,JianyunYe,2025-01-11,23:09:18,-08:00,2025-01-11T23:09:18-08:00,0,10
cv/index.html,64,html,74e5d5eb,JianyunYe,2025-01-11,23:09:18,-08:00,2025-01-11T23:09:18-08:00,0,8
cv/index.html,65,html,74e5d5eb,JianyunYe,2025-01-11,23:09:18,-08:00,2025-01-11T23:09:18-08:00,0,7
cv/index.html,66,html,74e5d5eb,JianyunYe,2025-01-11,23:09:18,-08:00,2025-01-11T23:09:18-08:00,0,14
cv/index.html,67,html,74e5d5eb,JianyunYe,2025-01-11,23:09:18,-08:00,2025-01-11T23:09:18-08:00,0,8
cv/index.html,68,html,74e5d5eb,JianyunYe,2025-01-11,23:09:18,-08:00,2025-01-11T23:09:18-08:00,0,3
cv/index.html,69,html,74e5d5eb,JianyunYe,2025-01-11,23:09:18,-08:00,2025-01-11T23:09:18-08:00,0,55
cv/index.html,70,html,74e5d5eb,JianyunYe,2025-01-11,23:09:18,-08:00,2025-01-11T23:09:18-08:00,0,46
cv/index.html,71,html,74e5d5eb,JianyunYe,2025-01-11,23:09:18,-08:00,2025-01-11T23:09:18-08:00,0,61
cv/index.html,72,html,74e5d5eb,JianyunYe,2025-01-11,23:09:18,-08:00,2025-01-11T23:09:18-08:00,0,4
cv/index.html,73,html,74e5d5eb,JianyunYe,2025-01-11,23:09:18,-08:00,2025-01-11T23:09:18-08:00,0,9
cv/index.html,74,html,74e5d5eb,JianyunYe,2025-01-11,23:09:18,-08:00,2025-01-11T23:09:18-08:00,0,0
cv/index.html,75,html,74e5d5eb,JianyunYe,2025-01-11,23:09:18,-08:00,2025-01-11T23:09:18-08:00,0,12
cv/index.html,76,html,74e5d5eb,JianyunYe,2025-01-11,23:09:18,-08:00,2025-01-11T23:09:18-08:00,0,8
cv/index.html,77,html,74e5d5eb,JianyunYe,2025-01-11,23:09:18,-08:00,2025-01-11T23:09:18-08:00,0,7
cv/index.html,78,html,74e5d5eb,JianyunYe,2025-01-11,23:09:18,-08:00,2025-01-11T23:09:18-08:00,0,17
cv/index.html,79,html,74e5d5eb,JianyunYe,2025-01-11,23:09:18,-08:00,2025-01-11T23:09:18-08:00,0,8
cv/index.html,80,html,74e5d5eb,JianyunYe,2025-01-11,23:09:18,-08:00,2025-01-11T23:09:18-08:00,0,56
cv/index.html,81,html,74e5d5eb,JianyunYe,2025-01-11,23:09:18,-08:00,2025-01-11T23:09:18-08:00,0,9
cv/index.html,82,html,74e5d5eb,JianyunYe,2025-01-11,23:09:18,-08:00,2025-01-11T23:09:18-08:00,0,6
cv/index.html,83,html,74e5d5eb,JianyunYe,2025-01-11,23:09:18,-08:00,2025-01-11T23:09:18-08:00,0,6
contact/index.html,1,html,fef0fd81,JianyunYe,2025-01-11,22:35:07,-08:00,2025-01-11T22:35:07-08:00,0,14
contact/index.html,2,html,fef0fd81,JianyunYe,2025-01-11,22:35:07,-08:00,2025-01-11T22:35:07-08:00,0,15
contact/index.html,3,html,fef0fd81,JianyunYe,2025-01-11,22:35:07,-08:00,2025-01-11T22:35:07-08:00,0,5
contact/index.html,4,html,fef0fd81,JianyunYe,2025-01-11,22:35:07,-08:00,2025-01-11T22:35:07-08:00,0,21
contact/index.html,5,html,fef0fd81,JianyunYe,2025-01-11,22:35:07,-08:00,2025-01-11T22:35:07-08:00,0,69
contact/index.html,6,html,fef0fd81,JianyunYe,2025-01-11,22:35:07,-08:00,2025-01-11T22:35:07-08:00,0,34
contact/index.html,7,html,fef0fd81,JianyunYe,2025-01-11,22:35:07,-08:00,2025-01-11T22:35:07-08:00,0,42
contact/index.html,8,html,c9cfece0,JianyunYe,2025-02-14,22:13:43,-08:00,2025-02-14T22:13:43-08:00,0,49
contact/index.html,9,html,fef0fd81,JianyunYe,2025-01-11,22:35:07,-08:00,2025-01-11T22:35:07-08:00,0,6
contact/index.html,10,html,fef0fd81,JianyunYe,2025-01-11,22:35:07,-08:00,2025-01-11T22:35:07-08:00,0,5
contact/index.html,11,html,fef0fd81,JianyunYe,2025-01-11,22:35:07,-08:00,2025-01-11T22:35:07-08:00,0,15
contact/index.html,12,html,74e5d5eb,JianyunYe,2025-01-11,23:09:18,-08:00,2025-01-11T23:09:18-08:00,0,45
contact/index.html,13,html,74e5d5eb,JianyunYe,2025-01-11,23:09:18,-08:00,2025-01-11T23:09:18-08:00,0,0
contact/index.html,14,html,b83caa13,JianyunYe,2025-01-11,23:39:47,-08:00,2025-01-11T23:39:47-08:00,0,72
contact/index.html,15,html,74e5d5eb,JianyunYe,2025-01-11,23:09:18,-08:00,2025-01-11T23:09:18-08:00,0,32
contact/index.html,16,html,74e5d5eb,JianyunYe,2025-01-11,23:09:18,-08:00,2025-01-11T23:09:18-08:00,0,74
contact/index.html,17,html,74e5d5eb,JianyunYe,2025-01-11,23:09:18,-08:00,2025-01-11T23:09:18-08:00,0,0
contact/index.html,18,html,74e5d5eb,JianyunYe,2025-01-11,23:09:18,-08:00,2025-01-11T23:09:18-08:00,0,36
contact/index.html,19,html,74e5d5eb,JianyunYe,2025-01-11,23:09:18,-08:00,2025-01-11T23:09:18-08:00,0,66
contact/index.html,20,html,74e5d5eb,JianyunYe,2025-01-11,23:09:18,-08:00,2025-01-11T23:09:18-08:00,0,0
contact/index.html,21,html,74e5d5eb,JianyunYe,2025-01-11,23:09:18,-08:00,2025-01-11T23:09:18-08:00,0,30
contact/index.html,22,html,74e5d5eb,JianyunYe,2025-01-11,23:09:18,-08:00,2025-01-11T23:09:18-08:00,0,75
contact/index.html,23,html,74e5d5eb,JianyunYe,2025-01-11,23:09:18,-08:00,2025-01-11T23:09:18-08:00,0,0
contact/index.html,24,html,74e5d5eb,JianyunYe,2025-01-11,23:09:18,-08:00,2025-01-11T23:09:18-08:00,0,22
contact/index.html,25,html,74e5d5eb,JianyunYe,2025-01-11,23:09:18,-08:00,2025-01-11T23:09:18-08:00,0,6
contact/index.html,26,html,fef0fd81,JianyunYe,2025-01-11,22:35:07,-08:00,2025-01-11T22:35:07-08:00,0,6
contact/index.html,27,html,fef0fd81,JianyunYe,2025-01-11,22:35:07,-08:00,2025-01-11T22:35:07-08:00,0,6
